title|image|rating|number of reviews
Xiaomi 138 cm (55 inches) X 4K Dolby Vision Series Smart Google TV L55M8-A2IN (Black)|https://m.media-amazon.com/images/I/710a8lTyPnL._AC_UY218_.jpg|4.2|22,397
Xiaomi 138 cm (55 inches) X Pro 4K Dolby Vision IQ Series Smart Google TV L55M8-5XIN (Black)|https://m.media-amazon.com/images/I/71rZkA9SfML._AC_UY218_.jpg|4.2|2,725
MI 80 cm (32 inches) A Series HD Ready Smart Google TV L32M8-5AIN (Black)|https://m.media-amazon.com/images/I/713A5VksK6L._AC_UY218_.jpg|4.2|57,154
Sony Bravia 139 cm (55 inches) 4K Ultra HD Smart LED Google TV KD-55X74L (Black)|https://m.media-amazon.com/images/I/81MRU+3RJLL._AC_UY218_.jpg|4.7|11,478
Sony Bravia 164 cm (65 inches) 4K Ultra HD Smart LED Google TV KD-65X74L (Black)|https://m.media-amazon.com/images/I/81MRU+3RJLL._AC_UY218_.jpg|4.7|11,478
Samsung 80 cm (32 inches) HD Ready Smart LED TV UA32T4380AKXXL (Glossy Black)|https://m.media-amazon.com/images/I/71S8iUPW9bL._AC_UY218_.jpg|4.2|13,672
VW 80 cm (32 inches) Frameless Series HD Ready Android Smart LED TV VW32S (Black)|https://m.media-amazon.com/images/I/717oSOB4hCL._AC_UY218_.jpg|3.9|11,285
VW 109 cm (43 inches) Playwall Frameless Series Full HD Android Smart LED TV VW43F1 (Black)|https://m.media-amazon.com/images/I/81SYE9YcekL._AC_UY218_.jpg|4.0|7,011
iFFALCON 138.7 cm (55 inches) 4K Ultra HD Smart LED Google TV iFF55U62 (Black)|https://m.media-amazon.com/images/I/71w49hsBwvL._AC_UY218_.jpg|4.1|4,895
"TOSHIBA 139 cm (55 inches) 4K Ultra HD Smart QLED Google TV 55M550MP (Black) | with 4 Year Comprehensive Warranty"|https://m.media-amazon.com/images/I/81MEdpvEt8L._AC_UY218_.jpg|4.3|1,263
Samsung 108 cm (43 inches) Crystal 4K Neo Series Ultra HD Smart LED TV UA43AUE65AKXXL (Black)|https://m.media-amazon.com/images/I/71O4AjyN21L._AC_UY218_.jpg|4.2|12,218
Hisense 108 cm (43 inches) Bezelless Series 4K Ultra HD Smart LED Google TV 43A6K (Gray)|https://m.media-amazon.com/images/I/71XAVZfelyL._AC_UY218_.jpg|4.2|3,110
Sony Bravia 108 cm (43 inches) 4K Ultra HD Smart LED Google TV KD-43X64L (Black)|https://m.media-amazon.com/images/I/715-IBd7vlL._AC_UY218_.jpg|4.7|11,478
Samsung 80 cm (32 Inches) Wondertainment Series HD Ready LED Smart TV UA32T4340BKXXL (Glossy Black)|https://m.media-amazon.com/images/I/71RxCmvnrbL._AC_UY218_.jpg|4.2|13,672
Samsung 108 cm (43 inches) Full HD Smart LED TV UA43T5450AKXXL (Black)|https://m.media-amazon.com/images/I/91mRUNnqqnL._AC_UY218_.jpg|4.3|131
Samsung 108 cm (43 Inches) Crystal Vision 4K Ultra HD Smart LED TV UA43CUE70AKLXL (Titan Gray)|https://m.media-amazon.com/images/I/71G3w6wIhZL._AC_UY218_.jpg|4.2|12,218
Kodak 108 cm (43 inches) 4K Ultra HD Smart QLED TV 43MT5055 (Black)|https://m.media-amazon.com/images/I/81zlF3XIJ3L._AC_UY218_.jpg|4.4|591
Acer 100 cm (40 inches) Advanced I Series Full HD Smart LED Google TV AR40GR2841FDFL (Black)|https://m.media-amazon.com/images/I/5126gXnEjFL._AC_UY218_.jpg|4.1|3,149
LG 139 cm (55 inches) 4K Ultra HD Smart LED TV 55UR7500PSC (Dark Iron Gray)|https://m.media-amazon.com/images/I/8195aYGDl9L._AC_UY218_.jpg|4.3|5,105
LG 108 cm (43 inches) 4K Ultra HD Smart LED TV 43UR7500PSC (Dark Iron Gray)|https://m.media-amazon.com/images/I/8195aYGDl9L._AC_UY218_.jpg|4.3|5,105
Xiaomi 108 cm (43 inches) X Series 4K Ultra HD Smart Google TV L43M8-A2IN (Black)|https://m.media-amazon.com/images/I/71L+JnVXFTL._AC_UY218_.jpg|4.2|22,397
TOSHIBA 108 cm (43 inches) 4K Ultra HD Smart LED Google TV 43C350MP (Silver)|https://m.media-amazon.com/images/I/815FE0UOAWL._AC_UY218_.jpg|4.2|2,252
MI 108 cm (43 inches) A Series Full HD Smart Google TV L43M8-5AIN (Black)|https://m.media-amazon.com/images/I/71UXTb93oZL._AC_UY218_.jpg|4.2|57,154
Kodak 100 cm (40 inches) 9XPRO Series Full HD Certified Android LED TV 409X5061 (Black)|https://m.media-amazon.com/images/I/61sDDAOUzSL._AC_UY218_.jpg|4.1|13,011
Blaupunkt 101 cm (40 inches) Cyber Sound G2 Series Full HD LED Google TV 40CSG7112 (Black)|https://m.media-amazon.com/images/I/713-2SMVZ4L._AC_UY218_.jpg|4.5|261
iFFALCON 126 cm (50 inches) 4K Ultra HD Smart LED Google TV iFF50U62 (Black)|https://m.media-amazon.com/images/I/71ysH6xy6xL._AC_UY218_.jpg|4.1|4,895
Sony Bravia 108 cm (43 inches) 4K Ultra HD Smart LED Google TV KD-43X74K (Black)|https://m.media-amazon.com/images/I/81P6YFm57TL._AC_UY218_.jpg|4.7|11,478
Kodak 100 cm (40 inches) Special Edition Series Full HD Smart LED TV 40SE5003BL (Black)|https://m.media-amazon.com/images/I/812v525aLdL._AC_UY218_.jpg|4.3|1,312
Blaupunkt 126 cm (50 inches) Quantam Dot Series 4K Ultra HD QLED Google TV 50QD7010 (Black)|https://m.media-amazon.com/images/I/71SsQb6tmuL._AC_UY218_.jpg|4.6|409
Blaupunkt 108 cm (43 inches) Cyber Sound G2 Series Full HD LED Google TV 43CSG7105 (Black)|https://m.media-amazon.com/images/I/713-2SMVZ4L._AC_UY218_.jpg|4.5|261
"TOSHIBA 164 cm (65 inches) 4K Ultra HD Smart QLED Google TV 65M550MP (Black) | with 4 Year Comprehensive Warranty"|https://m.media-amazon.com/images/I/81MEdpvEt8L._AC_UY218_.jpg|4.3|1,263
Blaupunkt 126 cm (50 inches) Cyber Sound G2 Series 4k Ultra HD LED Google TV 50CSGT7022 (Black)|https://m.media-amazon.com/images/I/715cY0NcX2L._AC_UY218_.jpg|4.6|409
Kodak 80 cm (32 inches) HD Ready Certified Android LED TV 32HDX7XPRO (Black)|https://m.media-amazon.com/images/I/81pOKCk2z1L._AC_UY218_.jpg|4.1|13,011
Blaupunkt 108 cm (43 inches) Quantam Dot Series 4K Ultra HD QLED Google TV 43QD7050 (Black)|https://m.media-amazon.com/images/I/61DOBiJJzTL._AC_UY218_.jpg|4.6|409
Kodak 126 cm (50 inches) CAPRO Series 4K Ultra HD LED Google TV 50CAPROGT5012 (Black)|https://m.media-amazon.com/images/I/71O-TLLjsfL._AC_UY218_.jpg|4.4|2,601
Westinghouse 100 cm (40 inches) W2 Series Full HD Certified Android LED TV WH40FX51 (Black)|https://m.media-amazon.com/images/I/61437aNDbcL._AC_UY218_.jpg|4.4|610
TOSHIBA 126 cm (50 inches) 4K Ultra HD Smart LED Google TV 50C350MP (Silver)|https://m.media-amazon.com/images/I/815FE0UOAWL._AC_UY218_.jpg|4.2|2,252
Hisense 305 cm (120 inches) Trichrom ALR Screen Series 4K Ultra HD Smart Laser TV 120L9HE (Black)|https://m.media-amazon.com/images/I/916W567jPSL._AC_UY218_.jpg|4.5|8
Onida 80 cm (32 inches) HD Ready Smart LED Fire TV 32HIF3 (Black)|https://m.media-amazon.com/images/I/71c+J+5cMvL._AC_UY218_.jpg|4.2|5,039
iFFALCON 108 cm (43 inches) 4K Ultra HD Smart LED Google TV iFF43U62 (Black)|https://m.media-amazon.com/images/I/71hXI6RMKXL._AC_UY218_.jpg|4.1|4,895
X Electron 108 cm (43 inch) 4K Smart Android LED TV with Cloud Feature and Soundbar 43XETV (Black)|https://m.media-amazon.com/images/I/71qWszyBmcL._AC_UY218_.jpg|4.2|83
"Einstein Box Ultimate Science Kit for Boys and Girls Ages 6-8-10-12-14 Years| Birthday Gifts Ideas for Kids| STEM Learning Toys for 6,7,8,9,10,11,12,13,14 Year Olds|"|https://m.media-amazon.com/images/I/71flpMokoIL._AC_UL320_.jpg|4.3|21,116
"Smartivity 2in1 Hydraulic Aeroplane & Dart Launcher Toy for Kids 6 to14 Years Old | Best Birthday Gifts for Boys & Girls | STEM Educational DIY Science Toys Ages 6,7,8,9,10,11,12,13,14 Years Fun Game"|https://m.media-amazon.com/images/I/81ZNq-Vf2tL._AC_UL320_.jpg|4.3|4,484
"Smartivity Mega Science Kit | 150 Chemistry Experiment Kit for Boys & Girls Age 6-8-10-12 | Birthday Gift for Kids Age 6-14 | Kids Safe Science Kit | STEM Educational Fun Toys"|https://m.media-amazon.com/images/I/71UAo99wvjL._AC_UL320_.jpg|4.2|2,119
"Einstein Box Mini Science Kit for Juniors | Starter Science Kits for Boys & Girls Ages 3,4,5,6,7,8 Years O"|https://m.media-amazon.com/images/I/71pUrBI8BJL._AC_UL320_.jpg|4.3|381
Cable World® Educational Laptop Computer Toy with Mouse for Kids Above 3 Years - 20 Fun Activity Learning Machine, Now Learn Letter, Words, Games, Mathematics, Music, Logic, Memory Tool - Blue|https://m.media-amazon.com/images/I/61vedjX-xpL._AC_UL320_.jpg|4.1|2,338
Jack Royal Storm Hot Fire Soft Bullet Gun Toy with 10 Safe Soft Foam Bullets, Fun Target Shooting Battle Fight Game for Kids Boys (Storm- Hot Fire)|https://m.media-amazon.com/images/I/61Hj3s9tHtL._AC_UL320_.jpg|3.9|553
Storio Toys Dancing Cactus Talking Toy, Cactus Plush Toy, Wriggle & Singing Recording Repeat What You Say Funny Education Toys for Babies Children Playing, Home Decorate|https://m.media-amazon.com/images/I/51kFlytvjAL._AC_UL320_.jpg|3.8|2,420
Baby Bath Toy Frame (Dragonfly)|https://m.media-amazon.com/images/I/71ivNOAJhuL._AC_UL320_.jpg|4.8|715
"Shumee Handmade 5-in-1 Wooden Activity Triangle|Learn Alphabets, Counting,Drawing & Writing Board, Motor Skills, Wooden Abacus Educational Toys, Clock & Gears|STEM Toys for 2+ Year Kids|Kids Gifts"|https://m.media-amazon.com/images/I/71dABMcGA3L._AC_UL320_.jpg|4.3|988
Amazon Brand - Jam & Honey Glitter Eyes Hedge Hog, Plush/Soft/Cute Toy for Boys, Girls and Kids, Great Birthday Gift (19 cm)|https://m.media-amazon.com/images/I/61lGNupO8UL._AC_UL320_.jpg|4.4|1,721
Play Panda Fun Magnetic Shapes (Junior) : Type 1 with 44 Magnetic Shapes, 200 Pattern Book, Magnetic Board and Display Stand|https://m.media-amazon.com/images/I/91RSO6+2UoL._AC_UL320_.jpg|4.3|3,140
ZUDO TOYS Shape Sorting Cube With 18 Shape And Different Color - Kids Activity Toys - Learning And Educational Toys With Multicolour - (Bis Approved), 19 Pcs|https://m.media-amazon.com/images/I/71svz7qSbaL._AC_UL320_.jpg|4.2|1,343
"Gooyo GY3716 Mini Portable Piano Keyboard Musical Toy for Kids/Babies/Girls/Boys/Gifts | Red Color, Power Source: 2xAA Battery (Not Included)"|https://m.media-amazon.com/images/I/61eRD3ClRkL._AC_UL320_.jpg|3.9|322
VGRASSP Pop It Fidget Sensory Toys, Stress Relief Silicone Pressure Relieving, Squeeze Novelty Gifts for Kids Children Adults - Pack of 1 - Color as Per Stock (Random Design)|https://m.media-amazon.com/images/I/71zT99OtJPL._AC_UL320_.jpg|3.5|469
VGRASSP Radish Style Cute Rabbit Face Pretend Play Cell Phone Toy for Kids, Toddlers with Music, Ringtones, Lights - Birthday Party Favors and Gifts for Girls(Multicolor)|https://m.media-amazon.com/images/I/61hVaHSCx2L._AC_UL320_.jpg|3.5|498
Storio Click and Catch Twin Ball Launcher Game with 3 Balls Indoor Outdoor Toy Set, Pop & Catch Ball Play Fun Boys & Girls|https://m.media-amazon.com/images/I/71SG7+k7-WL._AC_UL320_.jpg|4.0|2,027
"Storio Sit and Bounce Rubber Hop Jumping & Bouncing Ball for Boys Girls Toys | Indoor & Outdoor | Best Gift Balls for Kids -Big (Size 56cm / 22 Inch,Multicolour)"|https://m.media-amazon.com/images/I/41K5Q+JPQQL._AC_UL320_.jpg|3.8|7,718
"Storio Toy Octopus Plushie Reversible Soft Toys for Kids | Plush Soft Toys for Baby Boys and Girls | Octopus Soft Toy for Kids -18cm"|https://m.media-amazon.com/images/I/517tM2o269L._AC_UL320_.jpg|4.2|1,578
GRAPHENE Dancing Cactus Talking Plush Toy with Wriggle & Singing Recording Repeat What You Say Funny Education Toys for Babies Children Playing|https://m.media-amazon.com/images/I/41H0VkDItOL._AC_UL320_.jpg|3.7|75
GRAPHENE® 6 Slides 48 Patterns Mini Projector Torch Toy Slide Flashlight Projector Torch for Kids Projection Light Toy Slide Flashlight Lamp Education Learning Night Light (Random Slides)|https://m.media-amazon.com/images/I/61fu2vtWH4L._AC_UL320_.jpg|3.4|2,494
VGRASSP Reusable Magic Water Quick Dry Book Learning Toy Doodle and Scribble with Magic Doodle Pen for Painting Fun Drawing Pad Toy for Boys and Girls - (Random Designs As Per Stock) (VGWB0011)|https://m.media-amazon.com/images/I/61OHDYMKEjL._AC_UL320_.jpg|3.9|109
VGRASSP Walkie Talkie Toys for Kids 2 Way Radio Toy for 3-12 Year Old Boys Girls, Up to 20 Meter Outdoor Range Yellow|https://m.media-amazon.com/images/I/51Q2P7fTwVL._AC_UL320_.jpg|3.0|2,219
Toy Imagine™ Lattoo Spinning Launcher Gyro Top with Flashing Led Light Beyblade (Color May Vary).|https://m.media-amazon.com/images/I/61D7d5DjSoL._AC_UL320_.jpg|3.4|65
VGRASSP Mini Monster Trucks Friction Powered Cars for Kids, Toddler Toys Inertia Car Toys (Stunt Car Single)|https://m.media-amazon.com/images/I/61112WNPaQS._AC_UL320_.jpg|3.7|553
Ratna's Magic Blow Pipe Set of 2 Floating Ball Creative Magic Blowing Ball Toy Party Game for Kids & Adults|https://m.media-amazon.com/images/I/517jNc-SAqL._AC_UL320_.jpg|4.1|351
"Wembley C-Type USB Rechargeable Battery Powered Hover Football Indoor Electric Floating Hover Ball Soccer | Smart Air Football | Fun Game for Kids Toys for Boys and Girls - Grey"|https://m.media-amazon.com/images/I/51p7xAorVuL._AC_UL320_.jpg|3.9|308
TOY PARK Above Ground Portable Swimming Rectangle Pool for Adults 9.10 FT X 6.7 FT X 66 cm|https://m.media-amazon.com/images/I/51ImrcOqPDL._AC_UL320_.jpg|5.0|1
TEC TAVAKKAL Set of 6 Big Size Full Action Toy Figure Jungle Cartoon Wild Animal Toys Figure Playing Set for Kids Current Animals Lion Giraffe Elephant Tiger Toys for Children (Set of 6 Animal Toys)|https://m.media-amazon.com/images/I/61LmFaqwo4L._AC_UL320_.jpg|4.2|928
COSMOBABY Swimming Bath Toys for Toddlers 1-3, Floating Wind Up Toys for 1-5 Year Old Boy Girl, New Born Baby Bathtub Water Toys, Preschool Toddler Pool Toys (Turtle)(Pack of 1) Proudly Made in India|https://m.media-amazon.com/images/I/71gBla0U3DL._AC_UL320_.jpg|3.9|1,868
Blix Queaky- STEM Toy, Best Gift Toy for Kids (Yellow)|https://m.media-amazon.com/images/I/41KNN7e0KEL._AC_UL320_.jpg|3.4|304
Humming Bird Kid's 80 Pcs Big Mega Sized Blocks Toys Building and Construction Block Set for Children Boys and Girls (Multicolor)|https://m.media-amazon.com/images/I/61Yujj3Ee8L._AC_UL320_.jpg|4.1|798
Cable World Plastic 3 in 1 Portable Pretend Food Party Role Cooking Kitchen Play Set Toy for Boys and Girls - Pink|https://m.media-amazon.com/images/I/71jhgiPv85L._AC_UL320_.jpg|4.0|2,682
"Galaxy Hi-Tech® Pioneer Bot Robot Colorful Lights and Music | All Direction Movement Dancing Robot Toys for Boys and Girls Multi-Colour"|https://m.media-amazon.com/images/I/71drVy8MKoL._AC_UL320_.jpg|3.8|1,277
TEC TAVAKKAL Duck Slide Toy Set, Funny Automatic Stair-Climbing Ducklings Cartoon Race Track Set Little Lovely Duck Slide Toy Escalator Toy with Lights and Music (Duck Track Set)|https://m.media-amazon.com/images/I/41Fez6bog6L._AC_UL320_.jpg|4.4|209
GRAPHENE 32 Hole Electric Gatling Bubble Gun for Kids with Soap Solution Indoor and Outdoor Toys for Toddlers Bubble Launcher Machine for Girls and Boys (Color as per Stock)|https://m.media-amazon.com/images/I/61PrqaK8A3L._AC_UL320_.jpg|2.7|658
"Toy Imagine™ 8.5 inch LCD Writing Tablet Pad for Kids. Digital Magic Slate | Electronic Notepad | Scribble Doodle Drawing Rough Pad | Kids Toys Best Birthday Gift for Boys & Girls"|https://m.media-amazon.com/images/I/51tmWG7u5cL._AC_UL320_.jpg|3.8|4,948
NHR Dinky Plastic Toy Car Pull & Push Vehicle Racing Toy Cars Play Set Toddlers Car Toys Pullback Mini Cars Toys for Kids up to 3 Years (Orange)|https://m.media-amazon.com/images/I/61KwtYVhq1L._AC_UL320_.jpg|4.3|313
Storio 3 Slides 24 Patterns Mini Projector Torch Toy Slide Flashlight Projector Torch for Kids Sleeping Story Toys for Toddlers, Educational Learning Toys,Space,Animal &Foods|https://m.media-amazon.com/images/I/71WKmjrDe-L._AC_UL320_.jpg|3.2|1,007
GRAPHENE Airplane Launcher Gun,Safe and Fun Shooting Guns for Kids,Paper Foam Gliders for Quick and Easy Operation,Nearly Unbreakable Plastic,Ideal for Kids Ages,Multicolor|https://m.media-amazon.com/images/I/51jEk-3-XeL._AC_UL320_.jpg|3.0|1,051
"Wembley Hungry Frog Games Eating Beans Games | Indoor Games Interactive Game Toy of Family Board Games for Kids | Interactive Game Toys Multiplayer Game for 2 Player"|https://m.media-amazon.com/images/I/61sGlg94FYL._AC_UL320_.jpg|4.0|475
VGRASSP Handheld Video Game Console, Retro Mini Game with 400 Classic Sup Game TV Compatible for Kids, Rechargeable 8 Bit Classic – Colour and Design as per Stock|https://m.media-amazon.com/images/I/51qC3djhLQL._AC_UL320_.jpg|3.4|1,482
VEBETO Kids Piano with Mic (1 Year Extended Warranty) 37 Keys 8 Rhythms 8 Tones 6 Demos Portable Electronic Keyboard Toy Beginners Educational Songs Recording Musical Toys Age 3 to 5 Years Boys Girls|https://m.media-amazon.com/images/I/71IQLWhyyGL._AC_UL320_.jpg|4.4|720
4WD 360 Degree Mini Monster Trucks Friction Powered Cars for Kids Big Rubber Tires Baby Boys Super Cars Blaze Truck for Kids Gifts Toys (assorted, Pack of: 1)|https://m.media-amazon.com/images/I/71Azzw-svgL._AC_UL320_.jpg|3.9|253
Toy Imagine™ Gyro Magic Lattoo Toy with Music and Lights Spinning Top Toy for Kids Boys Colourful Tops Pack of 1 Color May Vary|https://m.media-amazon.com/images/I/61luFbMIWaL._AC_UL320_.jpg|3.4|65
"Toy Imagine™ Guitar Toy 4-String Acoustic Music Learning Toys | Sound Toys Best Gift for Kids | Musical Instrument Educational Toy Guitar for Beginner | Age 3 - 6 (Product Colour May Vary) 18”"|https://m.media-amazon.com/images/I/51olPDPJCTL._AC_UL320_.jpg|3.6|373
Brand Conquer Plastic Construction Realistic Engineer Vehicle Pushdozer Excavator Bulldozer Construction Toys Truck Machine for Kids Yellow|https://m.media-amazon.com/images/I/71jxRbW7jDL._AC_UL320_.jpg|4.4|1,224
Babique Elephant Sitting Plush Soft Toy Cute Kids Animal Home Decor Boys/Girls (Blue, 30 cm)|https://m.media-amazon.com/images/I/71sh-Yt3EmL._AC_UL320_.jpg|4.3|654
TEC TAVAKKAL Military Army Foldable Vehicles Car Toy 4 Pack with Screwdriver Toy, DIY Kids STEM Toys Including Helicopter, Jeep, Tank and Boat for Toddlers Birthday Gifts for Boys 2 3 4 5 6 Year|https://m.media-amazon.com/images/I/71W4gNKeyJL._AC_UL320_.jpg|4.2|2,046
SHINETOY® 40 Pcs Wooden Russian Blocks Puzzles for Kids Adults with a Storage Bag, Wood Intelligence Puzzle for Kids Ages 3-8, Wooden Kids Puzzles Brain Teasers Toy Educational Gift for Kids|https://m.media-amazon.com/images/I/61evqBlXGRL._AC_UL320_.jpg|4.4|462
"VGRASSP Fishing Game Toy Set with Rotating Board | Now with Music On/Off Switch for Quiet Play Includes 32 Fish and 4 Fishing Poles | Safe and Durable Gifts for Toddlers and Kids, Multicolor"|https://m.media-amazon.com/images/I/514ouEMYHKS._AC_UL320_.jpg|3.6|311
"Toy ImagineTM 120 pcs Colorful Wooden Domino Block Set for Kids Educational and Learning Activity Game Play | Helps in Skill Development and Color Recognition (12 Colors)"|https://m.media-amazon.com/images/I/51hEA6K4QNL._AC_UL320_.jpg|4.0|411
Wembley Dancing Monkey Musical Toy for Kids Baby Spinning Rolling Doll Tumble Toy with Voice Control Musical Light and Sound Effects with Sensor - ISI Mark - Multicolor|https://m.media-amazon.com/images/I/61g9sptTYQL._AC_UL320_.jpg|3.7|1,620
"Amazon Brand - Jam & Honey | Rolling and Swirling Ramp Drop Toy for Kids | 5 Layers. 4 Balls"|https://m.media-amazon.com/images/I/61LTXeG7NLL._AC_UL320_.jpg|4.3|331
Storio Dancing Monkey Musical Toy for Kids Baby Spinning Rolling Doll Tumble Toy with Voice Control Musical Light and Sound Effects with Sensor, Multicolor|https://m.media-amazon.com/images/I/51pc0+MXg1L._AC_UL320_.jpg|3.5|919
GRAPHENE® Talking Flash Cards Early Electronic Montessori preshcool Learning Educational Toys for Toddlers Babies 6 to 12 Months 1 2 3 4 5 Year Old Kids (Flash Card 1)|https://m.media-amazon.com/images/I/514mlvS5vaL._AC_UL320_.jpg|4.1|400
TEC TAVAKKAL Mini Remote Control Car Watch Toys, Easy Control Safe 98.4ft Remote Control Distance Cute Wrist Racing Car Watch Silicone Strap with Dust Cover for Outdoor (Buggati Divo Blue)|https://m.media-amazon.com/images/I/71Mmg+7kehL._AC_UL320_.jpg|4.5|52
SCOOBA Super Soft 30cm Small Random Color Cow Soft Toy - Polyfill Washable Cuddly Soft Plush Toy - Helps to Learn Role Play|https://m.media-amazon.com/images/I/51vmH1MyG5L._AC_UL320_.jpg|4.2|436
"Mirana C-Type USB Rechargeable Battery Powered Hover Football Indoor Floating Hoverball Soccer | Air Football Smart | Original Made in India Fun Toy for Boys and Kids (Red)"|https://m.media-amazon.com/images/I/61r-TFmj6fL._AC_UL320_.jpg|4.0|7,042
VIBHUJI EXPORT Spider Web Shooters Toy For Kids Fans, Hero Launcher Wrist Toy Set,Cosplay Launcher Bracers Accessories,Sticky Wall Soft Bomb Funny Children's Educational Toys, Multicolor|https://m.media-amazon.com/images/I/61uY6YWH8uL._AC_UL320_.jpg|3.1|86
GeoKraft Globe Educational Globe 10 inches height and 8 Inches diameter Rotating World Globe with Steel Finish Arc and Base/World Globe/Home Decor/Office Decor/Gift Item (Blue)|https://m.media-amazon.com/images/I/71xUGFcyfmL._AC_UL320_.jpg|4.2|13,740
Pikipo Bunny Face Rattle Soft Toy with Round Handle (Pink)|https://m.media-amazon.com/images/I/512Z83qVTuL._AC_UL320_.jpg|4.2|87
Skillmatics Peek-A-Boo Jungle Book - Soft Cloth Book for Baby, Infant & Toddler Toys, Crinkle Pages for Sensory Play, Gifts for Ages 6 Months and Up|https://m.media-amazon.com/images/I/81vKRwQUjlL._AC_UL320_.jpg|4.0|236
Pikipo Kitty Face Rattle Soft Toy with Round Handle (Red)|https://m.media-amazon.com/images/I/71iKkAIulOL._AC_UL320_.jpg|4.2|87
Coloring Books Box Set: Pack of 12 Copy Color Books For Children [Paperback] Wonder House Books|https://m.media-amazon.com/images/I/81ZiMSpnmDL._AC_UL320_.jpg|4.5|4,550
Toyztrend Jazz Drum Set Senior Musical Band Instruments with 3 Drums, 1 Dish, 1 Stool & Sticks for Kids (Assorted Colors & Designs)|https://m.media-amazon.com/images/I/71ozIy7mz5L._AC_UL320_.jpg|4.2|517
"Toy Zone Frog Eat Beans Game-4 Players-61038|Eat The Beans|Hungry Frog Game for Kids|Multiplayer Games|Game for 4 Players|Board Game"|https://m.media-amazon.com/images/I/71E-+k3XfYL._AC_UL320_.jpg|4.0|1,084
Chocozone Table Tennis Trainer Indoor Outdoor Adults Teenagers Kids Toy Sports Toys for 4 5 6 8 Years Old (Medium)|https://m.media-amazon.com/images/I/61ER80iH5OL._AC_UL320_.jpg|3.8|4,059
Tingoking Plastic Jet 747, Pack Of 1, Multicolour|https://m.media-amazon.com/images/I/51XrxMAkLIL._AC_UL320_.jpg|3.8|1,576
Toy Imagine Star Master Galaxy Night Projector Lamp Ceiling Led Light 360 Rotating Colorful Lights Starry Space Projection Home Decoration Design, Gift for Kids Boy Girl, Plastic, Multicolor|https://m.media-amazon.com/images/I/61uvbvdkWRL._AC_UL320_.jpg|3.6|81
Babique Unicorn Teddy Bear Plush Soft Toy Cute Kids Birthday Animal Baby Boys/Girls (25 cm, Pink)|https://m.media-amazon.com/images/I/51C5TrSt-GL._AC_UL320_.jpg|4.2|8,109
Kammateswara Super Hero Action Figure Toys Set of 5 Action Figure Toys for Kids Superheroes Toys (Set of 5 Action Figures)|https://m.media-amazon.com/images/I/61sw0CAoeVL._AC_UL320_.jpg|4.0|197
Babique Plush Soft Toy Cute Kids Animal Home Decor Boys/Girls/Baby (10 cm, Rattle Ball)|https://m.media-amazon.com/images/I/61JLJWkVeQL._AC_UL320_.jpg|3.8|2,412
Toy Imagine™ 68 Pcs Color Set/Kit for Kids Drawing & Painting Set/Case Art & Craft Supplies 12 Crayon 8 Sketch Pens 8 Color Pencils 6 Oil Plaster Colour 12 Water Color Best Gift for Boys & Girls|https://m.media-amazon.com/images/I/61-QAV2mvqL._AC_UL320_.jpg|3.6|505
WISHKEY Sand Game Castle Building Plastic Beach Toy Set for Kids Summer Fun Creative Activity Playset & Gardening Tool with Fishes, Elephant & Bucket (Pack of 12, Multicolor)|https://m.media-amazon.com/images/I/715ArorcQuL._AC_UL320_.jpg|4.2|2,206
Centy Toys Plastic Police Interceptor Fortune Pull Back Car, Number Of Pieces: 1, Black, Kid|https://m.media-amazon.com/images/I/61DwNHnnTgL._AC_UL320_.jpg|4.0|5,549
SCOOBA Reversible Rabbit Strawberry Stuffed Toy 30cm|https://m.media-amazon.com/images/I/619dZ2HD-ML._AC_UL320_.jpg|4.0|80
Webby Beauty Set for Girls, Pink|https://m.media-amazon.com/images/I/717chIdNfrL._AC_UL320_.jpg|3.5|11,536
"Toy Imagine™ Blaze Storm Hot Fire Dart Gun Toy for Target Shooting | Fun Battle Action Indoor & Outdoor Game | Birthday Gift for Boys & Girls | Long Range, 10 Suction Dart Bullets, 8+ Years."|https://m.media-amazon.com/images/I/61P27nEoFLL._AC_UL320_.jpg|3.9|489
YRTOYS Pop Tubes Fidget Toy, Sensory Tubes, Poppin Pipes for Kids, Stress Relief Stretch Bend Build and Connect Toy, Fidget Toys for Sensory Learning, Colorful Pop Tubes (6)|https://m.media-amazon.com/images/I/7174luVjxbL._AC_UL320_.jpg|4.3|32
Farraige Ultimate Kid Chef Bring Along Kitchen Cooking Suitcase Set (26 Pieces) - Multicolor|https://m.media-amazon.com/images/I/61XHtih79qL._AC_UL320_.jpg|3.8|510
Skillmatics Rock Painting Kit - Mess-Free Art & Craft Activity for Girls & Boys, Craft Kits & Supplies, DIY Creative Activity, Gifts for Kids Ages 4 to 12|https://m.media-amazon.com/images/I/81FylXzS5QL._AC_UL320_.jpg|5.0|1
ZUDO TOYS Learning Colour and Pattern Matching Montessori Slide Puzzle Game for Kids|https://m.media-amazon.com/images/I/61wJKBeaB7L._AC_UL320_.jpg|4.2|837
HUMMING BIRD Plastic Building Blocks for Kids Building Blocks Eductional & Learning Toy for Kids Puzzle Games for Kids, Toys for Children Girls & Boys, (100+ Blocks) -Made in India, Multi Color|https://m.media-amazon.com/images/I/51IkbO+caDL._AC_UL320_.jpg|3.5|148
Kiddie Galaxia Mini Metal Car for Kids, Avenger Car Pack of 4 Derby Racers Series Diecast Cars Suitable for Children, Movie Vehicle Racing Cars for Competition and Story Play - Multicolor|https://m.media-amazon.com/images/I/713UJLiIM5L._AC_UL320_.jpg|4.0|1,808
Storio 3D Baby Car Toy with 360 Degree Rotation, Gear Simulation Mechanical Car with Sound Music & Light Toys for Kids Boys & Girls|https://m.media-amazon.com/images/I/71F0EW3-gBL._AC_UL320_.jpg|4.2|403
"Amazon Brand - Jam & Honey | 4 Level Ramp Race Gift for Kids | 2 Cars"|https://m.media-amazon.com/images/I/71Idul4bAeL._AC_UL320_.jpg|4.4|686
GRAPHENE Intelligent Mimicking Talking Tom Toys Story Telling Touch Recording Rhymes and Songs Musical Cat Toy for Kids Repeats What You Say Best Gift for Kids|https://m.media-amazon.com/images/I/5159lM5KytL._AC_UL320_.jpg|3.5|143
Scooter Toy for Kids, Pull Along Toy, Push Along Toy, Toy Scooter, Toy Scooter for Kids, Kids Toy, Toy for Kids, Toy for Kids 5 Years Pack of 1pice.|https://m.media-amazon.com/images/I/51C-L3d6v6L._AC_UL320_.jpg|4.0|1
BabyGo Realistic Sliceable 7 Pcs Fruits Cutting Play Toy Set (5 Fruits and Vegetables Plus Board and Knife)|https://m.media-amazon.com/images/I/51XLx9eQLML._AC_UL320_.jpg|3.6|494
VGRASSP Catapult Toy Airplane, Pistol Shooting Game Toy Gun Air Battle Glider Airplane Launcher Toy for Kids Outdoor Sport Aircraft All Occasions Exciting and Fun Gift for Boys and Girls|https://m.media-amazon.com/images/I/61o-stHURzL._AC_UL320_.jpg|2.8|425
GRAPHENE Monster Truck for Boys 3 4 5 6 7 Year Old,Push and Go Friction Powered Car Toys, Double-Directions Inertia Pull Back Vehicle Set,Birthday Party Gift for Kids (‎Multicolor)|https://m.media-amazon.com/images/I/71cKF9eGZGL._AC_UL320_.jpg|3.9|1,248
HUG 'n' FEEL SOFT TOYS Long Soft Lovable Huggable Cute Giant Life Size Teddy Bear Plush & Stuffed Toys (35cm, Avocado)|https://m.media-amazon.com/images/I/41DX4usBUXL._AC_UL320_.jpg|4.0|31,504
TEC TAVAKKAL Plastic Battery Operated Converting Car to Robot, Robot to Car Automatically, Robot Toy, with Light and Sound for Kids Indoor and Outdoor 3 Year, Pack of 1 (Red)|https://m.media-amazon.com/images/I/51jJF3u+FkL._AC_UL320_.jpg|3.7|6,106
Sawkirp darshraj Pokemon Miniature 2 cm Mini Action Figure Toys (24 Pieces)|https://m.media-amazon.com/images/I/619jx0sF5nL._AC_UL320_.jpg|1.0|1
"Amazon Brand - Jam & Honey | Play Food Basket for Kids| Realistic Sliceable Cutting | 7 Fruits, 7 Vegetables, Chopping Board, Knife"|https://m.media-amazon.com/images/I/81ao6fUZSFL._AC_UL320_.jpg|4.0|123
Babique Dog Sitting Plush Soft Toy Cute Kids Animal Home Decor Boys/Girls White (25 cm)|https://m.media-amazon.com/images/I/51h6wRH0lpL._AC_UL320_.jpg|4.1|671
Ratna's Flying Saucer Unicorn 3 in 1 Indoor & Outdoor Toy Can Be Played as Space Rocket, Sliding Wall & Spinning TOP for Kids|https://m.media-amazon.com/images/I/61X7fsVqbaL._AC_UL320_.jpg|3.5|123
Storio Baby Products Toys 7 Pcs Rattle Set with Teathers for New Born Baby Gifts, Toy for Babies, Non-Toxic|https://m.media-amazon.com/images/I/611lG1us0cL._AC_UL320_.jpg|4.2|595
"Toy Imagine™ Magic Water Coloring Doodle Book & Magic Pen Reusable | Magic Water Quick Dry Book | Water Colouring Book Doodle with Magic Pen | Painting Board for Children Education Drawing Pad (pack of 1)"|https://m.media-amazon.com/images/I/515Rg305XdL._AC_UL320_.jpg|3.9|157
Humming Bird Building Blocks Toys for Kids Educatinal and Learning Puzzle Games for Kids Girls & Boys Preschool Children -60 Pcs Pouch, Multicolor|https://m.media-amazon.com/images/I/61xAhGcar7L._AC_UL320_.jpg|3.6|15
Storio Blaze Storm Soft Bullet Gun Toy with 10 Safe Soft Foam Bullets, Fun Target Shooting Battle Fight Game for Kids Boys (Super Gun)|https://m.media-amazon.com/images/I/61NHH-nk6dL._AC_UL320_.jpg|4.2|874
Chocozone Night Light Lamp Projector, Star Light Rotating Projector, Star Projector Lamp with Colors and 360 Degree Moon Star Projection with USB Cable,Lamp for Kids Room (Random Colour)|https://m.media-amazon.com/images/I/61+jOUbebbL._AC_UL320_.jpg|3.7|5,825
Skillmatics Educational Game - Brain Games, Reusable Activity Mats with Dry-Erase Marker, Gifts, Travel Toy for Kids Ages 6, 7, 8, 9 and Up|https://m.media-amazon.com/images/I/81uwwxB4mvL._AC_UL320_.jpg|4.1|903
"COSMOBABY Friction Dog Toy Cute Puppy 3 Face Role Play Toy|Yellow"|https://m.media-amazon.com/images/I/61Ly4ppiVsL._AC_UL320_.jpg|4.1|98
Babique Plush Soft Toy Cute Kids Animal Home Decor Boys/Girls/Baby (28 Cm, Monkey)|https://m.media-amazon.com/images/I/31VtU8AVV1L._AC_UL320_.jpg|4.3|2,906
TOYZTREND Plastic Baby Kids Teddy Stacking Ring Jumbo Stack Up Educational Toy Assorted color Rings Tower Construction Toys|https://m.media-amazon.com/images/I/31US-v6XvKL._AC_UL320_.jpg|4.1|1,197
"Toy Imagine™ Dancing Cactus Toy for Babies Talking, Speaking, Recording | Repeat What You Say | Singing Electronic Pet for Toddlers | Swing and Sing Toy-Charger Cactus Toy Plant.. (Age 1-10 Years)."|https://m.media-amazon.com/images/I/71c-akCMLUL._AC_UL320_.jpg|3.9|427
"ToyMagic Transparent Mechanical Toy Car|360° Auto Rotating Sensor Car|Gear Machine Vehicle with Multicolor LED Light & Music|Battery Operated|Birthday & Return Gift for Boys & Girls 3+|Made in India"|https://m.media-amazon.com/images/I/61xxC7QqYrL._AC_UL320_.jpg|4.5|271
Graphene® Barbie Play Cell Phone Toy for Kids, Toddlers with Music, Ringtones, Lights - Birthday Party Favors and Gifts for Girls and Boys|https://m.media-amazon.com/images/I/61u63pymfAL._AC_UL320_.jpg|3.2|242
Centy Toys Alloy Drift Car, Pack of 1, Multicolour|https://m.media-amazon.com/images/I/51NqHBYqA9L._AC_UL320_.jpg|3.8|436
House of Quirk Animal Finger Puppets - Set of10|https://m.media-amazon.com/images/I/61BFiX4-gdL._AC_UL320_.jpg|3.8|5,235
Jack Royal Monster Truck Toys for Kids Friction Powered Monster Truck Car Toy for Baby Push & Go Toys 4wd Monster Truck Combo Set for Boys & Girls red & Green (Pack of 2 Piece Random Color)|https://m.media-amazon.com/images/I/51b2XHFxRoL._AC_UL320_.jpg|3.9|1,414
MTG Metro Toys & Gift Cars 3 Theme Diecast Metal Toy Car Play Set for Kids Best Gifts Toys for Kids Boys - Set of 6, Multi color|https://m.media-amazon.com/images/I/71a-TQVKMWL._AC_UL320_.jpg|4.1|6,215
CPD Empire Spider Web Shooters Toy for Kids Fans, Hero Launcher Wrist Toy Set,Cosplay Launcher Bracers Accessories,Sticky Wall Soft Bomb Funny Children's Educational Toys, Multicolor|https://m.media-amazon.com/images/I/715Tvlw+v6L._AC_UL320_.jpg|4.0|27
"Gooyo GY3716 Mini Portable Piano Keyboard Musical Toy for Kids/Babies/Girls/Boys/Gifts | Blue Color, Power Source: 2xAA Battery (Not Included)"|https://m.media-amazon.com/images/I/61Uihzxb4QL._AC_UL320_.jpg|3.9|322
"Gooyo GY3222 Floating Hover Football with Colorful Flash Light Effect | Indoor & Outdoor Pro Air Football Game for Kids/Girls/Boys/Gifts | White Color, Power Source: 4xAA Battery (Not Included)"|https://m.media-amazon.com/images/I/61mn2fnj8dL._AC_UL320_.jpg|3.3|104
ZUDO TOYS Magnetic Blocks Kids Toys Montessori Magnet Toys for Toddlers Building Toys Preschool Learning STEM Sensory Toys for Boys and Girls, Creativity Kids Games Toddler Toys (26 PC)|https://m.media-amazon.com/images/I/61J+Ipl4PWL._AC_UL320_.jpg|4.0|1
Skillmatics Science Snippets Space Kit - STEM Learning Resource & Educational Toys for Boys & Girls, 70+ Double-Sided Interactive Cards, Gifts for Ages 7, 8, 9 & Up|https://m.media-amazon.com/images/I/712naMc91xL._AC_UL320_.jpg|4.4|53
Humming Bird Building Blocks Toys for Kids Educatinal and Learning Puzzle Games for Kids Girls & Boys Preschool Children -110 Pcs Bag, Multicolor|https://m.media-amazon.com/images/I/618srDutK+L._AC_UL320_.jpg|3.8|115
"Humming Bird Building Blocks Toy for Kids Puzzle Games for Kids|Toy for Kids Girls & Boys Brain Game Best Gift Toy Smart Activity Fun for Kids|Latest Learning 75+ Blocks Pouch Packaging|Multicolor"|https://m.media-amazon.com/images/I/511UFK7eLvL._AC_UL320_.jpg|3.6|147
"THE TRUST BOX Magnetic Arithmetic Learning Toy, Cylinder Numbers and Symbol Toys, Intelligence Brain Developing Toy for Kids | 1 Set -6 Pieces. Multicolor (1)"|https://m.media-amazon.com/images/I/51JppugHnuL._AC_UL320_.jpg|3.9|250
Zancia Baby Bath Toys Spinner Toy for Baby Spinners for Baby Toddlers Boys Girls Waterproof Suction Cup Spinning Top Rotating Montessori Learning Toy Sticks to Smooth Surface|https://m.media-amazon.com/images/I/61qmals40-L._AC_UL320_.jpg|4.3|3
SUPER TOY Jumping Bird Animals Key Operated Wind Up Toys for Toddler Kids Colorful Funny Toys for Baby Pack of 3 (Assorted)|https://m.media-amazon.com/images/I/61VJfRH4UoL._AC_UL320_.jpg|3.4|60
Little's Plastic Junior Ring (Multicolour) (6 pieces)|https://m.media-amazon.com/images/I/61XC4-QDkKL._AC_UL320_.jpg|4.3|45,111
Storio Cars 1:32 Diecast Metal Pullback Toy car for Kids Best Gifts Toys for Kids Boys - Black|https://m.media-amazon.com/images/I/71OoAdzvOTL._AC_UL320_.jpg|4.3|2,906
VGRASSP Musical Flip Mobile Phone Toy for Kids, Toddlers with Blinking Light and Dynamic Music - Pretend Play Toy (Open Flip Mobile Measurement - 14.5 X 5 X 2.5 CM)|https://m.media-amazon.com/images/I/71WZOCLM4NL._AC_UL320_.jpg|3.2|6
NHR Dinky Plastic Toy Car Pull & Push Vehicle Racing Toy Cars Play Set Toddlers Car Toys Pullback Mini Cars Toys for Kids up to 3 Years (Red)|https://m.media-amazon.com/images/I/61EISLRQJsL._AC_UL320_.jpg|4.3|313
Wembley Toys Dancing Cactus Talking Toy for Baby Children Plush Toy Speaking Cactus Toys for Kids 1 2 3+ Year Old Boy Girl Voice Recording Repeats Funny Gift Interactive Electronic Toys for Babies|https://m.media-amazon.com/images/I/61kwwXQJwrL._AC_UL320_.jpg|3.6|619
Centy Toys Plastic Pull Back Auto Rickshaw, Number Of Pieces: 1, Multicolour, 36 Months|https://m.media-amazon.com/images/I/51uB7i1cw+L._AC_UL320_.jpg|4.3|9,712
TEC TAVAKKAL Push And Go Construction Vehicles Set, 4 Pack Diy Take Apart Toys Construction Trucks With 1 Screwdriver Tools, Kids Building Cars Birthday For Boys Toddlers 1 To 10 Year Old,Yellow|https://m.media-amazon.com/images/I/51GZJJP1DxL._AC_UL320_.jpg|4.2|2,046
Storio Kids Toys LCD Writing Tablet 8.5Inch E-Note Pad Best Birthday Gift for Girls Boys, Multicolor|https://m.media-amazon.com/images/I/61Pg1H7U15L._AC_UL320_.jpg|3.7|14,488
Metro Toys Lamborghini Centenario LP770-4 Alloy Die-cast Metal Sports Car|https://m.media-amazon.com/images/I/61C0rycpecL._AC_UL320_.jpg|4.3|3,996
Toyshine Pack of 4 Toy Cars Push and Go Play Set Friction Powered Car Pull Back Vehicles Transport Tools Gifts for Babies Toddlers Kids Boys Girls Age 3+ Years Old (Including Car Airplane Boat Train)|https://m.media-amazon.com/images/I/71ukK37BcnL._AC_UL320_.jpg|4.5|11,844
LEGO Technic Racing Plane 42117 Building Kit (154 Pcs),Multicolor|https://m.media-amazon.com/images/I/81RYutM0DuL._AC_UL320_.jpg|4.4|6,951
Trinkets & More® - Wooden Hammer Ball Knock Pounding Bench with Box Case Fine Motor and Dexterity Skills Early Educational Toy Set for Kids 3+ Years (Hammer Ball)|https://m.media-amazon.com/images/I/71UaziJUYDL._AC_UL320_.jpg|3.9|3,312
Funskool Games - Strike 4, Classic disc Dropping Game, Get 4 in a Row, Connect Game, 2 Players, 6 & Above|https://m.media-amazon.com/images/I/71gx-kLhFfL._AC_UL320_.jpg|4.5|1,722
"Gooyo 2011A Battery Operated Educational Learning Laptop Toy with LED Display and Music Effect | Babies/Girls/Boys/Toddlers | Pink Color, Power Source: 3xAA Battery (Not Included)"|https://m.media-amazon.com/images/I/61uGuE-QAcL._AC_UL320_.jpg|3.7|422
"TOYZONE Friction Powered Mini Truck Series | Made in India | Friction Powered Toy | Unbreakable City Service Truck | Pull Back | Push & Go Crawling Toys (Contruction Vehicle Crane)"|https://m.media-amazon.com/images/I/71r40Jwl9lL._AC_UL320_.jpg|4.1|169
"Gooyo GY-430A1 Portable Musical Piano Keyboard with Microphone |37 Keys, 8 Rhythms, 8 Tones with 6 In-Built Demos & Song Record Feature|Black Color, Dual Power Supply Source: Micro USB Cable(Included)"|https://m.media-amazon.com/images/I/71jk-NEY3ZL._AC_UL320_.jpg|3.5|150
Clapstore Toys LED Light Switch Busy Board V6 Montessori Toy with Button for Kids, Wooden Control Panel, Activity Sensory Board Fidget Toy for Toddlers, Kids 1-6 Year Old|https://m.media-amazon.com/images/I/81N5se-TxyL._AC_UL320_.jpg|3.2|10
"SetMyBook | Set My Book - Book Making Activity Kit for Kids Above 5 Years/Educational Story Writing Activity Kit/Best Gift for Children Above 5 Years."|https://m.media-amazon.com/images/I/51f21z6CvaL._AC_UL320_.jpg|5.0|2
Skillmatics Paper Magical Scratch Art Book For Kids - Unicorns&Princesses,Craft Kits&Supplies,Diy Activity&Stickers,Gifts For Toddlers,Girls&Boys Ages 3,4,5,6,7,8,Travel Toys,Multicolor|https://m.media-amazon.com/images/I/81IRB8RNeNL._AC_UL320_.jpg|4.1|100
VGRASSP Army Style Binoculars Toy for Kids for Birdwatching Outdoor Observing Sports - Spy Gear Binocular Toy with Neck String|https://m.media-amazon.com/images/I/51fM5dbvVML._AC_UL320_.jpg|3.6|453
Beera Reversible Plushie Cute Octopus Double Sided Flip Reversed Stuffed Animal Toy Kid Figure Fidget Stuffed Animals That Show Your Mood Teddy Bear Kids Gifts Toys (12Cm, Sky Blue-Pink)|https://m.media-amazon.com/images/I/41927l2mE1L._AC_UL320_.jpg|4.2|21
Little Monkey Wooden Xylophone Musical Toy with 8 Note, Multicolour, 3+, 1 Xylophone, 2 Sticks|https://m.media-amazon.com/images/I/61McRN71EoL._AC_UL320_.jpg|4.2|7,005
Babique Cat Flower Plush Soft Toy Cute Kids Animal Home Decor Boys/Girls (Pack of 1)(25 cm)|https://m.media-amazon.com/images/I/61QnIuUiOgL._AC_UL320_.jpg|4.0|846
HUG 'n' FEEL SOFT TOYS Unicorn, Soft Toy, Baby Toys, Kids Toy, Soft Toy, Toy for Girl, Birthday Gift for Girl Boys, Toy Gift for Girls, Kids Toys for Boys Girl, Toys Gift Items, (30cm, Pink)|https://m.media-amazon.com/images/I/61junWYBK0L._AC_UL320_.jpg|4.0|31,504
Webby Kaleidoscope Magical Educational Science Toy (1 Pc of Kaleidoscope), Multicolor, Kid|https://m.media-amazon.com/images/I/718YlrGeGNL._AC_UL320_.jpg|3.4|282
SCOOBA Baby Penguin Soft Toy 25 cm|https://m.media-amazon.com/images/I/51+1Bx773wL._AC_UL320_.jpg|4.3|346
"Gooyo GY-2020 Battery Operated Voice Control Monkey Toy with Musical, Dancing,Spinning,Rolling and Sensor Feature for Gifts/Kids/Babies/Boys/Girls|Orange Color,Power Source:3xAAA Battery(Not Included)"|https://m.media-amazon.com/images/I/51pNySIlA6L._AC_UL320_.jpg|3.8|65
"ToyMagic Octopus Reversible Soft Toys|Animal Plush Toy|Cute Sensory Fidget Stuffed Animal Toy That Show Your Mood|Birthday & Return Gift for Kids 1+|Soft Doll Marine Animal|Soft Pillow|Made in India"|https://m.media-amazon.com/images/I/51Rp83ENS-L._AC_UL320_.jpg|4.7|66
Funskool Star Links, Multicoloured Interlocking Learning Educational Blocks, Improves Creativity And Construction Blocks For Kids, 12 Months & Above, Infant and Preschool Toys|https://m.media-amazon.com/images/I/71yThr6RsaL._AC_UL320_.jpg|4.4|9,572
"Graphene Educational Learning Kids Laptop Tablet Computer with Music and Fun Activities, Engaging Learning Toy for Toddlers| Ideal Educational Laptop with Games, Colorful"|https://m.media-amazon.com/images/I/81I7ByKf38L._AC_UL320_.jpg|3.8|825
"Toy Imagine™ 4x4 Mini Monster Friction Power Truck Pack of 2 Kids Age 3-8 | 360° Drift Stunt Car | Push & Go Forward | Off-Road Toy Car | Best Birthday Gift for Baby Boys & Girls. (Colour May Vary)"|https://m.media-amazon.com/images/I/41r3UQtYUFL._AC_UL320_.jpg|4.0|465
"Toy Imagine™ Hit Me Toy 3-D Inflatable Animal Toy | Water Base and Air Base for Toddlers | PVC Punching Bag for Kids | Activity Toy for Kids Age 3 +. (Any One)"|https://m.media-amazon.com/images/I/61e8jjYO83L._AC_UL320_.jpg|3.4|173
Storio Toys Educational Learning Talking Flash Cards for 2 Year Old Kids Boys Girls Baby Montessori Toys|https://m.media-amazon.com/images/I/61MxWDU6vYL._AC_UL320_.jpg|3.8|1,561
Webby Soft Animal Plush Elephant Toy 20cm, Blue & Grey|https://m.media-amazon.com/images/I/711DBUR31bS._AC_UL320_.jpg|4.4|5,378
"TOYZONE Friction Powered Mini Truck Series | Made in India | Friction Powered Toy | Unbreakable City Service Truck | Pull Back | Push & Go Crawling Toys (Contruction Vehicle Tow Crane)"|https://m.media-amazon.com/images/I/71lZp+9rCgL._AC_UL320_.jpg|4.2|35
VGRASSP Magnetic Slate Toy is Very Useful, Helps Children in Learning How to Write, Read and Draw Non-Toxic Board, Small (Color as Per Stock)|https://m.media-amazon.com/images/I/51shxL9c8wL._AC_UL320_.jpg|3.6|408
Zeeshan Avengers Toy Set of 5 Twist and Move Marvels Super Hero Characters Action Figure Play Set : Captain America, Hulk, Thor, Iron Man and Ant Man Best Gift for Birthday for Baby Multicolor|https://m.media-amazon.com/images/I/51xwAOKn--L._AC_UL320_.jpg|3.7|257
"Webby Doctor Play Set with Foldable Suitcase, Compact Medical Accessories Pretend Play | Game Toy Kit for 3 + Year Kids, Boys and Girls (Pink)"|https://m.media-amazon.com/images/I/71GgVG0Rr-L._AC_UL320_.jpg|3.1|183
Kidology Pull String Toy for Babies Teething Strings Sensory Montessori Toys Baby Girl,Travel Toy for 6+Months Boy Food Grade Silicone Fine Motor Skills Toy for Toddlers (Octopus Design 2)|https://m.media-amazon.com/images/I/61dMp7d9DRL._AC_UL320_.jpg|4.0|68
VGRASSP Rainbow Circle Folding Plastic Spring Coil Funny Magic Toy Slinkier Classic and Colorful Slinky Neon Plastic Glossy Ring - Multicolor (Color As Per Stock)|https://m.media-amazon.com/images/I/61m4psgF+dL._AC_UL320_.jpg|3.3|13
Storio Blaze Storm Hot Fire Soft Bullet Gun Toy with 10 Safe Soft Foam Bullets, Fun Target Shooting Battle Fight Game for Kids Boys (Blaze Storm- Hot Fire)|https://m.media-amazon.com/images/I/71HwYi43pUL._AC_UL320_.jpg|3.8|3,985
Skillmatics Pretend Play Pasta Set - 11 Containers, 120+ Play Food Items for Child's Play, Back-to-School Play Kitchen Accessories, Toy Kitchen, Gifts for Kids & Toddlers Ages 3, 4, 5, 6, 7|https://m.media-amazon.com/images/I/81UBlkyvFLL._AC_UL320_.jpg|4.4|177
Storio Beach Play Set for Kids Sand Molds Toys for Toddlers Gardening Playset Outdoor Tool Kit Made in India (Beach Set 5pcs)|https://m.media-amazon.com/images/I/51hukSzuU1L._AC_UL320_.jpg|4.5|643
VGRASSP Soft Plush Baby Rattle Ball Stuffed Toy - Multicolour|https://m.media-amazon.com/images/I/6127ZnVevlL._AC_UL320_.jpg|4.1|125
Giggles Funskool Giggles, 3 In 1 Pull Along Musical Snail, Xylophone, Drum And Walking, Pull Along, Preschool Toys, 12 Months & Above, Infant, Multicolour|https://m.media-amazon.com/images/I/81W15pO9XJL._AC_UL320_.jpg|4.1|1,592
"ToyMagic Dancing Monkey|Voice & Touch Sensor with Musical Light & Sound Effect|AAA Battery Operated|Birthday Gift|Spinning & Rolling Doll Tumble Toy for Kids 1 Year +|Made in India"|https://m.media-amazon.com/images/I/51BZ-T+3KvL._AC_UL320_.jpg|3.9|250
"Camin Superhero Action Figure Toy Set of 5 Superheroes Toys | Action Figure Toys of 5 Superheroes for Kids | Ultimate Superhero Collection | Toy for Kids"|https://m.media-amazon.com/images/I/61P7Eysxi4L._AC_UL320_.jpg|3.7|264
Squishy Hedgehog for Stress Anxiety Relief ahd Autism Need Special Toy Pack of 1 Piece|https://m.media-amazon.com/images/I/516E9fXE7+L._AC_UL320_.jpg|5.0|1
Webby Colours 2 Pieces Learning Pack Jigsaw Puzzle, Montessori Early Educational Pre School Puzzle Toys for 3+ Years Kid|https://m.media-amazon.com/images/I/7167mAR3HbL._AC_UL320_.jpg|4.1|790
Nerf Alpha Strike Fang Qs-4 Toy Blaster, Fire 4 Darts in A Row, 10 Nerf Darts, Gift Toys for Kids Teens&Adults, Toy for Boys, Birthday Gift Toy Ages 8+,Best Xmas Gift,Multicolor|https://m.media-amazon.com/images/I/61-0r-DOQmL._AC_UL320_.jpg|4.3|6,518
"LYGER Throw and Catch Ball Game for Kids and Adults | 2 Scoops & 1 Ball | Yellow"|https://m.media-amazon.com/images/I/31H2Fl4KtwL._AC_UL320_.jpg|3.0|2
PLUSPOINT Police Rescue Bike Friction Powered Special Police Motorcycle Emergency Vehicle Model Toy with Light Music inertial Simulation Toy 3-6 Years Old (Police Bike-Blue)|https://m.media-amazon.com/images/I/5191GdNFkHL._AC_UL320_.jpg|3.7|321
GeoKraft Educational 13 Inches Height,10 Inch Diameter Metal Base Globe with Magnifying Glass/Home Decor/World Globe/Office Decor Gift ItemShow Piece (Blue)|https://m.media-amazon.com/images/I/71GKv2cd3KL._AC_UL320_.jpg|4.2|13,740
WP Wanna Party Inflatable Unicorn Float for Adults & Kids, Pool Party Essentials, Swimming Pool Float, Fun Beach Floaties, Pool Floats for Adults & Kids, Prop for Beach Parties, Large Size- 1 Unit|https://m.media-amazon.com/images/I/610mKL1DDJL._AC_UL320_.jpg|3.5|8
SNAPTRON Dinosaur Toys For Kids Rocket Launcher-Rocket Toys For Kids Boys Girls 3-10 Years Old,Dinosaur Rocket Toys For Boys Girls,Birthday Gift For Boys,Educational Stomp Rocket Toys,Multicolor|https://m.media-amazon.com/images/I/71caiwHC1mL._AC_UL320_.jpg|4.3|9
Blix Robotix - Logic Blocks, Science Kit, Educational DIY Building Set, Construction Toys, for 9+ Years|https://m.media-amazon.com/images/I/61W4IBgr+rL._AC_UL320_.jpg|2.7|5
Little's Nesting Eggs I Activity Toy for Babies I Multicolor I Infant & Preschool Toys I Develops Motor & Reasoning Skills|https://m.media-amazon.com/images/I/61c+tzEw21L._AC_UL320_.jpg|4.4|2,647
SUPER TOY 3 Cute Big Jumping Bird, Penguin, Rabbit Key Operated Wind Up Toy for Kids Colorful & Funny Toys for Toddlers/Baby Pack of 3 (Multicolored)|https://m.media-amazon.com/images/I/61TsUbZv7bL._AC_UL320_.jpg|3.7|305
SHINETOY TikTok Dancing Cactus Plush Toy USB Charging,Sing 120pcs Songs,Recording,Repeats What You say and emit Colored Lights,Gifts (Talking Cactus)|https://m.media-amazon.com/images/I/51uxfar47yL._AC_UL320_.jpg|3.9|4,603
NELVIN Spider Web Shooters Toy For Kids Fans, Hero Launcher Wrist Toy Set,Cosplay Launcher Bracers Accessories,Sticky Wall Soft Bomb Funny Children's Educational Toys, Multicolor|https://m.media-amazon.com/images/I/61jpDM2++wL._AC_UL320_.jpg|3.1|73
Drone-Foldable-Toy-Drone-with-HQ-WiFi-Camera-Remote-Control-for-Kids-Quadcopter-with-Gesture-Selfie-Flips-Bounce-Mode-App-One-Key-Headless-Mode-functionality-Drone02|https://m.media-amazon.com/images/I/61sHuvxpv0L._AC_UL320_.jpg|3.1|10
"Wembley Jump Rocket Toys For Kids | 3 Foam Tipped Rockets With Whistling Sound | Stomp Launcher Outdoor Toy Set | Flying Toys For Kids | Flies Upto 150Ft Non-Toxic, No Battery, Multicolor"|https://m.media-amazon.com/images/I/71LlkosX-lL._AC_UL320_.jpg|4.0|48
Kiddie Galaxia® Duck Track Toys Electric Ducks Chasing Race Track Game Set Playful Roller Coaster Toy 3 Duck LED Flashing Lights Music Button Fun Duck Stair Climbing Toy for Toddlers Kids|https://m.media-amazon.com/images/I/51V7yjXnW4L._AC_UL320_.jpg|4.5|18
Centy Toys Plastic Pull Back Car, 1 Pull Back Car, Multicolour, Kid|https://m.media-amazon.com/images/I/51SnQeZkPmL._AC_UL320_.jpg|4.0|2,693
Giggles - Chain Links, Multicolour Interlocking Educational Blocks, Improves creativity and Construction blocks for kids, 6 months & above, Infant and Preschool Toys|https://m.media-amazon.com/images/I/71aGhPdWd7L._AC_UL320_.jpg|4.2|1,701
VGRASSP Air Battle Gun Toy with 4 Paper Foam Glider Planes Kids Gadget for Fun Outdoor Sports Activity Catapult Pistol with Continuous Shooting Flyers - Multicolor(Color As Per Stock)|https://m.media-amazon.com/images/I/61fCpzrwelL._AC_UL320_.jpg|3.2|8
"Storio Toy Plushie Super Soft Toys for Kids | Adorable Plush Soft Toys for Baby Boys and Girls Kids - Penguine Black & White"|https://m.media-amazon.com/images/I/51X+wyPXQEL._AC_UL320_.jpg|4.2|1,578
Umadiya® Duck Track Toys for Kids - Ducks Chasing Race Track Game Set - Small Ducks Stair Climbing Toys for Kids, Escalator Toy with Lights and Music - 3 Duck Included (Duck Track)|https://m.media-amazon.com/images/I/51fQB0S3XBL._AC_UL320_.jpg|4.4|25
Toyztrend Mind Puzzler Numbers for Kids to Develop Their Brain and Mind with The Help of Educational Numbers|https://m.media-amazon.com/images/I/61NkbW4JiqL._AC_UL320_.jpg|4.2|1,753
Amitasha 3 Pcs Jumping Rabbit Bird & Penguin Wind Up Key Operated Crawling Walking Toy for Kids (Multicolored)|https://m.media-amazon.com/images/I/711ebKW3YIL._AC_UL320_.jpg|4.0|205
Amazon Brand - Jam & Honey Polyester Baby Bowling Ball/Soft Plush Toy with Rattle Sound for Boys, Girls and Kids, Super-Soft, Safe, Great Birthday Gift (Multicoloured)|https://m.media-amazon.com/images/I/61G+Nqox5qL._AC_UL320_.jpg|4.2|227
"Mirana C-Type USB Rechargeable Hover Football Indoor Floating Hoverball Soccer | Air Football Neon Lite | Made in India Fun Toy Best Gift for Boys and Kids (Red)"|https://m.media-amazon.com/images/I/61IgEph39vL._AC_UL320_.jpg|3.9|359
"Mirana C-Type USB Rechargeable Battery Powered Hover Football Indoor Floating Hoverball Soccer | Air Football Smart | Original Made in India Fun Toy for Boys and Kids (Blue-Green)"|https://m.media-amazon.com/images/I/713LwlQyhaL._AC_UL320_.jpg|4.0|7,042
Blix Robotix - Discovering Motions, Science Kit, Educational DIY Building Set, Construction Toys, STEM toys for 9+ Years Boys and Girls|https://m.media-amazon.com/images/I/61O93k2UnfL._AC_UL320_.jpg|3.9|6
"Mirana C-Type USB Rechargeable LED Hover Football | Air Football Mothership | Soccer Ball Best Gift for Boys Girls and Kids Ball (Nebula Blue)"|https://m.media-amazon.com/images/I/81pwUHtFpjL._AC_UL320_.jpg|4.0|165
"Frank Solar System Outer Space Puzzle For 6 Year Old Kids and Above - Fun and Challenging | Educational Toys and Games for Focus, Memory, Mental Boost pack of 1"|https://m.media-amazon.com/images/I/81NUvc5mCpL._AC_UL320_.jpg|4.4|4,316
Wembley RC Car Rechargeable Remote Control Car for Kids Mini 1:24 Scale High Speed Racing Car - Black|https://m.media-amazon.com/images/I/61LEgUUHyLL._AC_UL320_.jpg|3.7|3,709
Creative Educational Aids Match 'N' Learn, The first Memory Game, 56 pieces (31 Set of two Piece Matching Picture Cards)|https://m.media-amazon.com/images/I/71QOF1QrYML._AC_UL320_.jpg|4.5|3,241
"Toy Imagine™ Dolphin Hit Me Toy 3-D Inflatable Animal Toy | Water Base and Air Base for Toddlers | PVC Punching Bag for Kids | Activity Toy for Kids Age 3 +."|https://m.media-amazon.com/images/I/61Gl9Gj01qL._AC_UL320_.jpg|3.4|173
Babique Reversible plushie Cat Stuffed Soft Toy Plush Soft Toy Cute Kids Animal Home Decor Boys/Girls/Baby (Blue 15cm)|https://m.media-amazon.com/images/I/71LRw8VXdHL._AC_UL320_.jpg|3.7|188
Pikipo Tiger Face Rattle Soft Toy with Squeeze Handle for Squeaky Sound (Orange)|https://m.media-amazon.com/images/I/61AXLW9wj+L._AC_UL320_.jpg|4.3|301
Amazon Brand - Jam & Honey Unicorn Plush/Soft Toy, Suitable for Boys, Girls and Kids, Super-Soft, Safe, 18 cm (Yellow)|https://m.media-amazon.com/images/I/61id1PXsUqL._AC_UL320_.jpg|4.2|104
"Storio Toy Super Cute Plushie Soft Toys for Kids | Plush Soft Toys for Baby Boys and Girls Kids - Sitting Unicorn | Best Valentine Gift"|https://m.media-amazon.com/images/I/51r8LD3seqL._AC_UL320_.jpg|4.2|1,578
"Toyzone Doll House (24 Pcs) | Play Set for Girls | Disney Doll House | Role Play Set| Doll House with Furniture| Doll House Play Set for Kids (Disney Princess My Country Doll House (24 Pcs))"|https://m.media-amazon.com/images/I/71j9VyWOkqL._AC_UL320_.jpg|3.9|2,877
DIKANG Strawberry Bunny Plush Toys, Rabbit Soft Toys with Zipper, Strawberry Rabbit Soft Toys for Girls, Reversible Bunny Soft Toy, Cute Plushies Gift for Girls & Kids (Strawberry Bunny, 30cm)|https://m.media-amazon.com/images/I/712JCM6UvDL._AC_UL320_.jpg|4.3|2,826
Amitasha Jumping Walking Barking Dog Soft Toy Musical Puppy Battery Operated Back Flip Jumping Dog Plush Toy for Kids|https://m.media-amazon.com/images/I/61PrErRnVbL._AC_UL320_.jpg|3.9|44
DearJoy Polyester Big Size Fibre Filled Stuffed Animal Elephant Soft Toy For Baby Of Plush Hugging Pillow Soft Toy For Kids Boy Girl Birthday Gift (60 Cm, Grey)|https://m.media-amazon.com/images/I/715aY98VTPL._AC_UL320_.jpg|4.3|7,111
Giggles - Elephalinks , Multicolour Interlocking Educational Blocks, Develops Hand-Eye coordination, 6 months & above, Infant and Preschool Toys|https://m.media-amazon.com/images/I/61TnvnWF1vL._AC_UL320_.jpg|4.4|607
"Storio Toy Cute Penguin Plushie Soft Toys for Kids | Plush Soft Toys for Baby Boys and Girls | Bird Soft Toy for Kids -27 cm"|https://m.media-amazon.com/images/I/51i6bQTaMHL._AC_UL320_.jpg|4.2|1,578
Pikipo Bunny Face Rattle Soft Toy(Plush) For Baby with Squeeze Handle for Squeaky Sound (Pink)|https://m.media-amazon.com/images/I/51V5R1Xk-cL._AC_UL320_.jpg|4.3|336
Centy Toys Baby Chetak Pull Back Scooter (Assorted Color, Kid)|https://m.media-amazon.com/images/I/51XEwLGMHHL._AC_UL320_.jpg|3.8|629
Paw Patrol Value Rescue Racers Rocky, Action Figure, Toys for 3+|https://m.media-amazon.com/images/I/71BnvSCpXfL._AC_UL320_.jpg|3.4|102
"Mirana C-Type USB Rechargeable Battery Powered Hover Football Indoor Floating Hoverball Soccer | Air Football Smart | Original Made in India Fun Toy for Boys and Kids (Silver Rainbow)"|https://m.media-amazon.com/images/I/71ouJvjPROL._AC_UL320_.jpg|4.0|7,042
"Storio Toys Airplane Launcher Gun,Safe and Fun Shooting Guns for Kids,Paper Foam Gliders for Quick and Easy|Best Gift for Boys Kids Children, Assorted"|https://m.media-amazon.com/images/I/61Tkex8e37L._AC_UL320_.jpg|3.3|88
NHR Hit Me Inflated Toy for Kids Inflatable Dynosaur Toy Water Filled Base BOP for Toddlers PVC Punching Bag for Kids (Yellow)|https://m.media-amazon.com/images/I/610qTdDhxRS._AC_UL320_.jpg|3.5|1,771
"Storio Unicorn Pink Fridge Kitchen Set Toys Pretend Play Toy Set with Multiple Accessories & Realistic Water Dispenser for Kids Girls | Best Birthday Gift for Kids Children"|https://m.media-amazon.com/images/I/61FMagv-n1L._AC_UL320_.jpg|4.2|96
COOLCOLD Kids Toy, Small Slug Fidget Toys, Baby Toys, Sensory Toys for Kids, Clicky Sound Making Toy, Flexible Stretchable Joints Toy for Anxiety, Autism (19 CM, Rainbow)|https://m.media-amazon.com/images/I/519wlkAwPdL._AC_UL320_.jpg|4.4|442
FunBlast Bath Toys for Baby - Colorful Animal Bath Toys, Toddler Baby Bathtub Bathing Squeeze Bath Toy (Pack of 12 PC;Multi Color)|https://m.media-amazon.com/images/I/71TO1NAnrKL._AC_UL320_.jpg|4.2|555
"Gooyo GY-2020 Battery Operated Voice Control Monkey Toy with Musical, Dancing, Spinning,Rolling and Sensor Feature for Gifts/Kids/Babies/Boys/Girls|Blue Color, Power Source:3xAAA Battery(Not Included)"|https://m.media-amazon.com/images/I/51YWKjWmLhL._AC_UL320_.jpg|3.8|65
Bumtum Dancing Cactus Toy, Wriggle & Singing for Babies & Kids, Plush Electronic Toys, Voice Recording Repeats(Green/Brown), 1 Count|https://m.media-amazon.com/images/I/51JNbBQ+mbL._AC_UL320_.jpg|3.7|687
"Storio Toy Cute Cow Plushie Soft Toys for Kids | Plush Soft Toys for Baby Boys and Girls | Animal Soft Toy for Kids -27 cm"|https://m.media-amazon.com/images/I/71GxymZFGYL._AC_UL320_.jpg|4.2|1,578
Richy Toys White Dog Cute Plush Soft Toys for Kids Birthday Gift 26 cm|https://m.media-amazon.com/images/I/7173JXCs7YL._AC_UL320_.jpg|4.0|3,249
Graphene Rainbow Spring Fun Activity Stress Relief Toy for Kids Adults of All Age Group, for Birthdays, Compact and Portable Easy to Carry|https://m.media-amazon.com/images/I/71zOG5Nky7L._AC_UL320_.jpg|3.2|448
Mechanix Monster Buggies Enhancing Practical Education STEM Learning Mechanical Skills and Creativity for Boys and Girls Age 7+ 80 Pieces|https://m.media-amazon.com/images/I/81M6k95sXKL._AC_UL320_.jpg|4.1|5,166
Wembley Baby Products Bath Toys 3 PCS Insect Suction Cup Spinner Toy for Baby Boys Girls Pop up Toy Waterproof Suction Cup Spinning Top Rotating Montessori Learning Toy Sticks to Smooth Surface|https://m.media-amazon.com/images/I/61E2Dh48aJL._AC_UL320_.jpg|4.0|670
LABZIO, Fetus Skull Model With Movable Jaw, Anatomical Model, Perfect For Medical & Student Use, Off White|https://m.media-amazon.com/images/I/81SwElqy+HL._AC_UL320_.jpg|4.1|6
"Amazon Brand - Jam & Honey Magna Tiles Building Blocks for Kids | STEM Toy | Magnetic Toys | Great Birthday Gift | Toys for Kids |Educational & Creative Toy| 28 Pieces"|https://m.media-amazon.com/images/I/81I0EFCc29L._AC_UL320_.jpg|4.3|2,491
TRU TOYS Geometric Building Blocks for Kids, Wooden Sorting and Stacking Toys, 5 Column Geometric Shape Puzzle Activity for Kids, Early Learning Montessori Wooden Angle Geometric Block Toy for Kids|https://m.media-amazon.com/images/I/71UkZJ9F1cL._AC_UL320_.jpg|4.6|61
"Mirana C-Type USB Rechargeable Hover Football Indoor Floating Hoverball Soccer | Air Football Neon Lite | Made in India Fun Toy Best Gift for Boys and Kids (Blue)"|https://m.media-amazon.com/images/I/61GG1YkBiPL._AC_UL320_.jpg|3.9|359
Quill On - Super Quiller - Automated Multifunction Quilling Tool - Blue|https://m.media-amazon.com/images/I/61kUdF6+21L._AC_UL320_.jpg|4.2|1,358
TEC TAVAKKAL Dancing and Spinning Rolling Doll Tumble Monkey, Bump & Go Toy 360 Degree Rotating Spot Stunt with Light and Sound Effects and Sensor for Kids|https://m.media-amazon.com/images/I/61M+Y9mS1dL._AC_UL320_.jpg|4.1|108
Amazon Brand - Jam & Honey Dinosaur, Cute, Plush/Soft Toy, Suitable for Boys, Girls and Kids, Super-Soft, Safe, 34 cm (Green & Yellow)|https://m.media-amazon.com/images/I/61+96XgXVVL._AC_UL320_.jpg|4.3|3,408
Techno Hight Barking, Waging Tail, Walking and Jumping Puppy, Battery Operated Back Flip Jumping Dog with Sound and Music Best Gift for Toddlers and Kids|https://m.media-amazon.com/images/I/615fGn1TbtS._AC_UL320_.jpg|3.5|1,491
"Furrendz Dashing Dino 10"" Plush|Animal Character Soft Toy-Dino|Furry Plush|Soft & Anti Allergic Fabric|Safe For Kids|Role PlayToy|Easy To Wash|Best Birthday & Return Gift for Kids 1 Yrs+|Made In India"|https://m.media-amazon.com/images/I/71O76Ba9rlL._AC_UL320_.jpg|4.5|107
"TOYZONE Friction Powered Mini Truck Series | Made in India | Friction Powered Toy | Unbreakable City Service Truck | Pull Back | Push & Go Crawling Toys (City Service Truck Cement Mixer)"|https://m.media-amazon.com/images/I/712j3zgU60L._AC_UL320_.jpg|4.3|53
Babique Unicorn Teddy Bear Plush Soft Toy Cute Kids Birthday Animal Baby Boys/Girls (25 Cm, Yellow)|https://m.media-amazon.com/images/I/51AWNa6+TOL._AC_UL320_.jpg|4.0|3,945
VGRASSP Battery Operated Flash Drum with Multi Color 3D Lights, Music Baby Toy for 2 3 4 Year Kid Boy Girl|https://m.media-amazon.com/images/I/517gBIQ3W0L._AC_UL320_.jpg|4.0|209
"Toy Imagine™ Ice Hockey Game for Kids | Sports Game with 2 Pushers | Smooth Surface Air Cushion Hockey | Accessories Board Game | Indoor Game Gift | Battery Operated (Battery Included). 3+ Years..."|https://m.media-amazon.com/images/I/81GXmrVOucL._AC_UL320_.jpg|3.6|125
"Webby Strawberry Rabbit Plush Soft Toys | Cute and Adorable Bunny with Zipper Stuffed Animal Toys | Decorative and Gift Items for Kids and Adults - 30 CM"|https://m.media-amazon.com/images/I/61n5bOlM30L._AC_UL320_.jpg|4.2|122
"PoPo Toys 12 Piece Mini Jurassic Park Dinosaurs Toys Set | Dinosaur Kingdom Figures Set for Kids, Medium Size, Assorted Animal Figures, Non-Toxic"|https://m.media-amazon.com/images/I/810HGRwsQTL._AC_UL320_.jpg|3.4|66
"Gooyo GY-838-17/18 Electronic Pet Talking Toy Cat for Kids | Best Musical Toy with More Features | Best Gift for Kids | Black Color, 3xAA Battery (Not Included)"|https://m.media-amazon.com/images/I/61WZNbeZXBL._AC_UL320_.jpg|3.5|178
"ToyMagic Pocket Basketball Set|with A Miniature Hoop&A Tiny Shooters|Improve Hand-Eye Coordination&Concentration|Indoor-Outdoor Toy|Best Birthday Gift for Kids 5Yr +||Bis Approved,Multicolor"|https://m.media-amazon.com/images/I/51a+6xguDnL._AC_UL320_.jpg|3.8|309
Richy Toys Babique Cute Baby Teddy Bear Pillow Stuffed Soft Plush Soft Toy Kids Birthday (Brown)|https://m.media-amazon.com/images/I/71izVPEbIeL._AC_UL320_.jpg|4.1|1,003
Amazon Brand - Jam & Honey Teddy Bear, Cute, Soft Toy (33 Cm, White, Cream), Great Birthday Gift|https://m.media-amazon.com/images/I/71HwfrmwpWL._AC_UL320_.jpg|4.3|3,408
Nerf Elite 2.0 Commander Rd-6 Blaster, 12 Darts, 6-Dart Rotating Drum, Gift Toys For Kids Teens And Adults, Toys, Toys For Boys And Girls Ages 8+, Best Xmas Gift Toy,Multi|https://m.media-amazon.com/images/I/61tMrAHHq2L._AC_UL320_.jpg|4.3|21,820
"Mirana C-Type USB Rechargeable Battery Powered Hover Football Indoor Floating Hoverball Soccer | Air Football Smart | Original Made in India Fun Toy for Boys and Kids (RedGolden)"|https://m.media-amazon.com/images/I/715AQ0sVwhL._AC_UL320_.jpg|4.0|7,042
"Mirana C-Type USB Rechargeable LED Hover Football | Air Football Mothership | Soccer Ball Best Gift for Boys Girls and Kids Ball (Proto Red)"|https://m.media-amazon.com/images/I/81aOvwkfLFL._AC_UL320_.jpg|4.0|165
VGRASSP Radish Style Cute Rabbit Face Pretend Play Cell Phone Toy for Kids, Toddlers with Music, Ringtones, Lights - Birthday Party Favors and Gifts for Girls (Orange)|https://m.media-amazon.com/images/I/51uPyrPSK9L._AC_UL320_.jpg|3.8|112
Storio Soft Plush Toys Baby Ball with Rattle Sound for Baby Boy Girl Kids - 11 cm Multi Color|https://m.media-amazon.com/images/I/71l2anlo0wL._AC_UL320_.jpg|3.8|96
New Pok 24 Super Mon Cute Pocket Monsters Random Cartoon Anime Tiny Toys Figures Pack PVC Non-Movable Models Small Size Kids 5-10 Years Birthdays Gift Play Fun Set|https://m.media-amazon.com/images/I/51dHdSmTlRL._AC_UL320_.jpg|3.3|3
"DIKANG Octopus Plushie Reversible Soft Toys for Kids | Kids Soft Toys for Baby Girl | Plush Soft Toys for Baby Boys and Girls | Octopus Soft Toy for Kids (12CM, Octopus (Sky Blue/Pink))"|https://m.media-amazon.com/images/I/61Wh2+WvAyL._AC_UL320_.jpg|4.3|2,826
Storio Toys Infinity Cube Fidget Toy Stress Relieving Fidgeting Game for Kids and Adults,Cute Mini Unique Gadget for Anxiety Relief and Kill Time|https://m.media-amazon.com/images/I/51Ftf0O7iML._AC_UL320_.jpg|3.5|21
Multi Unicorn Pop Purse for Girls Pop it Purse Fidget POP IT Bag for Girls Women pop it Bags pop it Fidget Purse Bags Toys for Girls Fidget Purse Cross Body Handbags Cute Purse Sensory Toys|https://m.media-amazon.com/images/I/710u2zODBhL._AC_UL320_.jpg|4.5|354
Cable World® Colourful Plastic Non Toxic Set of 7 Attractive Rattles and Teathers for New Borns, Baby,Kid (Multi Color)|https://m.media-amazon.com/images/I/41Yslh1M54L._AC_UL320_.jpg|4.2|9,220
Paw Patrol, Zuma’s Hovercraft Vehicle with Collectible Figure, for Kids Aged 3 and Up, Multicolor, (6061803)|https://m.media-amazon.com/images/I/71S1AOVWgvL._AC_UL320_.jpg|4.6|2,138
Webby Plush Cute Crown Elephant Soft Toy for Kids - 20 CM|https://m.media-amazon.com/images/I/81DfvN7xkGL._AC_UL320_.jpg|4.4|5,378
Graphene Smiley Soft Ball for Kids and Adults, a Stress Relief Toy, Non Toxic Toy for Kids and Adults|https://m.media-amazon.com/images/I/61USHC4TPAL._AC_UL320_.jpg|4.1|128
Nerf Alpha Strike Claw Qs-4 Blaster 4 Official Nerf Elite Foam Darts,Multicolor|https://m.media-amazon.com/images/I/818LHGdOJxL._AC_UL320_.jpg|4.4|116
"Einstein Box Ultimate Electricity Kit | Science Project Kit | Electronic Circuits | Toys for Kids Ages 7-14 Years |"|https://m.media-amazon.com/images/I/71sye9HsNyL._AC_UL320_.jpg|4.2|3,376
Skillmatics Art & Craft Activity Kit - Snip, Snip, Practice Scissor Skills, Craft Kits & Supplies, 25 Diy Activities, Gifts For Toddlers, Girls & Boys Ages 3, 4, 5, 6, 7, Travel Toys,Multicolor|https://m.media-amazon.com/images/I/81znpatUF7L._AC_UL320_.jpg|4.5|250
SUPER TOY Automobile Tools Kit Mechanical Toy Set for Kids,Plastic,Multi Color(Pack of 14)|https://m.media-amazon.com/images/I/71J3efPDksL._AC_UL320_.jpg|3.7|1,502
VGRASSP Hover Soccer Ball, Soft Eva Material Foam Bumper Air Indoor Football Made in India for Kids, Toy with Multi Colour LED Lights, Best Gifts for Toddlers, Boys and Girls (Color as per Stock)|https://m.media-amazon.com/images/I/51G25rKXd0L._AC_UL320_.jpg|3.3|465
FunBlast DIY Plastic Building Blocks for Kids Puzzle Games for Kids, Toys for Children Educational & Learning Toy for Kids, Girls & Boys - (250+ Blocks with 38 Wheels) Multicolor (250 pieces)|https://m.media-amazon.com/images/I/614hC7xBgtL._AC_UL320_.jpg|3.8|15,255
Amazon Brand - Jam & Honey Penguin, Plush/Soft Toy for Boys, Girls and Kids, Super-Soft, Safe, Great Birthday Gift (Black and White, 17 cm)|https://m.media-amazon.com/images/I/61A2ddWFQxL._AC_UL320_.jpg|4.4|1,721
Pluspicks Spider Web Shooters Toy for Kids Fans, Hero Launcher Wrist Toy Set,Cosplay Launcher Bracers Accessories,Sticky Wall Soft Bomb Funny Children's Educational Toys, Multicolor|https://m.media-amazon.com/images/I/715Tvlw+v6L._AC_UL320_.jpg|3.7|69
GRAPHENE Cubes 3X3 High Speed Sticker Less Magic Puzzle Cube Game Toy (3X3), Baby|https://m.media-amazon.com/images/I/41NkMnN9PSL._AC_UL320_.jpg|2.4|228
GRAPHENE 8 Hole Electric Gatling Bubble Gun for Kids with Soap Solution Indoor and Outdoor Toys for Toddlers Bubble Launcher Machine for Girls and Boys|https://m.media-amazon.com/images/I/51-D5XWSfpL._AC_UL320_.jpg|2.0|14
Ratna's Hula Hoop Ring Super Baby Nano for Babies - Colorful and Engaging Toy for Gross Motor Skills Development - Multicolor, Lightweight, and Safe - Perfect for Indoor and Outdoor Play - 50 cm Diameter|https://m.media-amazon.com/images/I/71iTc4hBUPL._AC_UL320_.jpg|3.8|537
"Toy Imagine RAMP ROLL, 5 Layer Ball Drop and Roll Swirling Tower for Toddler|3 Puzzle Rattle Balls Monkey Face at The Top|Non Toxic Material| Stack,Dr"|https://m.media-amazon.com/images/I/51iv7QuK3iL._AC_UL320_.jpg|3.9|109
Tec Tavakkal Kids Bow & Arrow Toy, Boys and Girls Basic Archery Set Outdoor Hunting Game with 3 Suction Cup Arrows, Target & Quiver (Archery Toys with Light)|https://m.media-amazon.com/images/I/61a8BwW1k5L._AC_UL320_.jpg|4.0|1,062
JIADA Geometric Shape Matching 5 Column Blocks Montessori Educational and Learning Toys|https://m.media-amazon.com/images/I/51+XP3NidpL._AC_UL320_.jpg|4.2|677
DearJoy Polyester Big Size Fibre Filled Stuffed Animal Elephant Soft Toy For Baby Of Plush Hugging Pillow Soft Toy For Kids Boy Girl Birthday Gift (60 Cm, Blue)|https://m.media-amazon.com/images/I/71XB26V+weL._AC_UL320_.jpg|4.3|7,111
Love Toys New Premium Dinosaur Toys for Kids Big Size, Dinosaur Action Figures Realistic Gifts for Kids Boys Girls (Godzilla Action Figure - Small Size Mini, Height - 3.5 Inches / 7.5 cm.)|https://m.media-amazon.com/images/I/41Df9kZFp0L._AC_UL320_.jpg|4.1|12
SCOOBA Giraffe Animal Soft Toy 30cm Height Single Piece|https://m.media-amazon.com/images/I/41IVHZu2PcL._AC_UL320_.jpg|4.3|3,757
Amazon Brand - Jam & Honey Dolphin, Plush/Soft Toy for Boys, Girls and Kids, Super-Soft, Safe, Great Birthday Gift (Blue, 18 cm)|https://m.media-amazon.com/images/I/518isCMhxaL._AC_UL320_.jpg|4.3|3,408
VGRASSP Mist Spraying Dinosaur Toy with LED Light and Sound Toy for Kids (Color and Design As Per Stock)|https://m.media-amazon.com/images/I/41qb+yLZTGL._AC_UL320_.jpg|3.8|111
Giggles - Stack N Nest Toy , Multicolour 3 in 1 gift set, Develops motor skills , 6 months & above, Infant and Preschool Toys|https://m.media-amazon.com/images/I/81yzR-sqFYL._AC_UL320_.jpg|4.5|951
cosmobaby Roly Poly Push and Shake Wobbling Bell Sounds Tumbler Doll Toy for 3 Months & Above (Pack of 1) Isi Certified (Eye Blinking), Orange|https://m.media-amazon.com/images/I/71kNaVBxhML._AC_UL320_.jpg|4.5|25
esnipe mart® 20 activities & games fun laptop notebook computer toy for kids-Blue|https://m.media-amazon.com/images/I/7188KDb7UYL._AC_UL320_.jpg|3.6|10,925
"Amazon Brand - Jam & Honey Big Xylophone/Piano for Toddlers | with 8 Multicolored Keys | 2 Sticks | Great Birthday Gift | Toy for Kids Girls Boys | Yellow"|https://m.media-amazon.com/images/I/71XxSkFO2UL._AC_UL320_.jpg|4.4|668
"Tygatec Electronic Basketball for Kids | Electronic Scoreboard | Table Top Basketball Game | Basketball Game Indoor & Outdoor Table Top Basketball Shooting Games for Kids"|https://m.media-amazon.com/images/I/8188i23TruL._AC_UL320_.jpg|5.0|6
Skillmatics Board Game - Rapid Rumble Super Pack, Family & Party Edition with 140 Extra Cards, Educational Toys, Gifts for Kids, Teens & Adults|https://m.media-amazon.com/images/I/81cnGX6MzKL._AC_UL320_.jpg|4.4|2,206
Toyporium Set Of Hormonius New Born Baby Toy Set For Kids Rattle Toys with Hanging Cartoons for Toddlers/Babies/Infants/Newborns (Multicolor)|https://m.media-amazon.com/images/I/719rDs+hGSL._AC_UL320_.jpg|3.7|102
Skillmatics Paper Magical Scratch Art Book For Kids - Animals, Craft Kits & Supplies, Diy Activity & Stickers, Gifts For Toddlers, Girls & Boys Ages 3, 4, 5, 6, 7, 8, Travel Toys, Multicolor|https://m.media-amazon.com/images/I/81Hs1RwqYvL._AC_UL320_.jpg|4.1|100
"Imagimake Mirror Mosaic : Princess & Unicorn | Mess Free Diy Mosaic Craft Kit | 950+ Foil Sticker | Travel Toys For Girls | Birthday Gift For Girls Ages 3,4,5,6,7,8, Pink"|https://m.media-amazon.com/images/I/918e6qYzGdL._AC_UL320_.jpg|4.6|62
Amazon Brand - Jam & Honey Sewing Toys - Elephant Engineered Wood, Multicolor|https://m.media-amazon.com/images/I/813Svk0QArL._AC_UL320_.jpg|4.1|198
Fisher-Price Plastic Stacking Cups ( Multicolor )|https://m.media-amazon.com/images/I/61d40c7lWqL._AC_UL320_.jpg|4.5|1,867
Cable World Plastic Battery Operated Converting Car to Robot, Robot to Car Automatically,Robot Toy, with Light and Sound for Kids Indoor and Outdoor 3 Year, Pack of 1|https://m.media-amazon.com/images/I/51+PhlV7NgL._AC_UL320_.jpg|4.1|6,428
WISHKEY Wooden Learning Clock with Bead Lace, Educational Digital Analog Numbers, Shape & Color Learning Montessori Toy for Kids (Pack of 1, Multicolor)|https://m.media-amazon.com/images/I/71jIRdtmtyL._AC_UL320_.jpg|4.0|2,885
Cable World Transparent 3D Bus Toy 360 Degree Rotation, Gear Simulation Mechanical Bus Sound and Light Toy for 2-5 Years Boys and Girls|https://m.media-amazon.com/images/I/81U1aBu5i+S._AC_UL320_.jpg|4.4|261
Toyshine 120 pcs 12 Color Wooden Dominos Blocks Set, for kids Game Educational Play Toy, Domino Racing Toy Game|https://m.media-amazon.com/images/I/614L6Xlu2BL._AC_UL320_.jpg|4.0|12,314
Ratna's Disney Washing Machine Toy for Kids (Non Battery Operational) Pretend Play Toys for Hours of Fun (Pink Color)|https://m.media-amazon.com/images/I/71S3o66lTAL._AC_UL320_.jpg|3.6|1,220
"Gooyo GY-838-17/18 Electronic Pet Talking Toy Cat for Kids | Best Musical Toy with More Features | Best Gift for Kids | White Color, 3xAA Battery (Not Included)"|https://m.media-amazon.com/images/I/614icYfwj6L._AC_UL320_.jpg|3.5|178
"Little's Lighthouse Stacking Drums | Activity Toy for Babies I Multicolor I Infant & Preschool Toys I Develops Motor & Reasoning Skills"|https://m.media-amazon.com/images/I/71W3YSwIv1L._AC_UL320_.jpg|4.1|818
Storio Super Cute Astronaut Swimming Water Toys Non-Toxic,BPA Free Colorful Soft Rubber Float Squeeze Sound Squeaky Bathing Toy for Baby Chu Chu Toy Set of 6|https://m.media-amazon.com/images/I/515F1KYO88L._AC_UL320_.jpg|4.0|6,069
Umadiya® Branded Take Apart Dinosaur Toys, Pack of 4 Dinosaurs with Screwdrivers, Dino Kids Building Learning Toys, STEM Toy for Boys and Girls, 3 4 5 6 7 8 Year Old Boys and Girls (Dino-4)|https://m.media-amazon.com/images/I/61uymcJhq4L._AC_UL320_.jpg|4.2|238
Creative's - CRE0674 Fun With Beads (Multi-Color)|https://m.media-amazon.com/images/I/81TM0sFjPdL._AC_UL320_.jpg|4.4|604
GLUN® Scratch Notepad with Magical Rainbow Color, Pencil Stick Notepad, Educational Toy for Kids (1)|https://m.media-amazon.com/images/I/61uwxU6TRGL._AC_UL320_.jpg|3.7|10
Wembley Toys Talking Cactus For Kids Dancing Cactus Toys Can Sing Wriggle & Singing Recording Repeat What You Say Funny Education Toys Playing Home Decor Items For Kids,Green|https://m.media-amazon.com/images/I/71ML2TRKAUL._AC_UL320_.jpg|3.7|9,035
Wembley Educational Kids Laptop for 2-5 Years Boys Girls Computer Toys for 3 Years Ideal Birthday Gift Fun Activity Learning Alphabet, Letter, Words, Games, Mathematics, Music, Logic Memory Tool|https://m.media-amazon.com/images/I/71KBMy1AVbL._AC_UL320_.jpg|4.1|223
LuvLap Sunny Ride on & Car for Kids with Music & Horn Steering, Push Car for Baby with Backrest, Safety Guard, Under Seat Storage & Big Wheels, Ride on for Kids 1 to 3 Years Upto 25 Kgs (Pink)|https://m.media-amazon.com/images/I/71iEZNOt2yL._AC_UL320_.jpg|3.9|8,807
"Playhills Geometric Puzzle | The World's First Puzzle- Stomachion Square by Archimedes | Fun & Challenging Puzzle Game for Teenagers and Adults with Decorative Stand (Challenger Edition) Age 13+"|https://m.media-amazon.com/images/I/71K8sU8GWWL._AC_UL320_.jpg|5.0|8
Galaxy World Miniature Soft Plush Stuffed Toy for Kids and Gifts in Combo (Pack of 8)|https://m.media-amazon.com/images/I/61i-vAcIknL._AC_UL320_.jpg|4.1|67
Xianco Pop Pack of Tube Sensory Fidget Toy, Multi-Color Stretchable Pipes (Pack of 10)|https://m.media-amazon.com/images/I/71Ix+1bj2FL._AC_UL320_.jpg|4.2|63
Future Shop Pack of 4 Elegant Soft Toys Combo Set Appu Elephant (25 cm), Penguin(20 cm), White Rabbit(28 cm), Setting Dog Mini (25cm) for Kids|https://m.media-amazon.com/images/I/31lKtiX8h3L._AC_UL320_.jpg|4.4|1,788
Amisha Gift Gallery Car Toy for Kids Queens 70 Toy Model Fiat Openable Doors Pull Back Action Collectible Model for Kids Car Model Gift Toys for Kid Vehicle Colors as Per Availability Red|https://m.media-amazon.com/images/I/51Ims+wIz+L._AC_UL320_.jpg|4.3|242
Cable World Musical Keyboard Mat Piano Gym Mat Gym & Fitness Rack,Pack of 1 set, Multicolor|https://m.media-amazon.com/images/I/71s1sgaO0UL._AC_UL320_.jpg|3.9|13,894
GRAPHENE Remote-Controlled Airplane for Kids, Realistic Design for Toddlers and Young Kids, for Every Occasion, Kid-Friendly Remote Control, Enhance Coordination and Thinking Skills, Multicolor|https://m.media-amazon.com/images/I/61sIdUoDIkL._AC_UL320_.jpg|2.5|72
Amazon Brand - Jam & Honey Husky Dog, Plush/Soft Toy for Boys, Girls and Kids, Super-Soft, Safe, Great Birthday Gift (Grey and White, 17 cm)|https://m.media-amazon.com/images/I/51CruTmI9oL._AC_UL320_.jpg|4.0|253
VGRASSP 32 Hole Electric Gatling bubble Gun for Kids with Soap Solution Indoor and Outdoor Toys for Toddlers Bubble Launcher Machine for Girls and Boys (Color as per Stock)|https://m.media-amazon.com/images/I/61ueEMvbcCL._AC_UL320_.jpg|2.8|555
"Toy Imagine™ 50+ Pipe-Shaped Puzzle Building Blocks for Preschool Kids | Creative Educational Plastic Water Pipe toys | Intelligent Blocks Set | Learn with Fun | Rounded Edge.(Big,Multicolor)3-8 years"|https://m.media-amazon.com/images/I/61umePpIRsL._AC_UL320_.jpg|3.7|125
WISHKEY Plastic Blaze Storm Manual Soft Suction Bullet Gun Toy with 20 Safe Soft Foam Bullets, Fun Target Shooting Battle Fight Game for Kids (Pack of 1, Multicolor)|https://m.media-amazon.com/images/I/71-AEIcE2qL._AC_UL320_.jpg|3.9|5,898
VGRASSP Mini Toy Guitar for Children - Kids Handheld Musical Electronic - Plays Music & Electric Sounds - Gift for Girls & Boys|https://m.media-amazon.com/images/I/6176Vxy5tyL._AC_UL320_.jpg|3.2|539
"Bumtum Crawling Crab Musical Toy with LED Lights & Rechargeable Battery, Electronic Walking Moving Toy | Interactive Early Learning and Entertainment Toys for Kids,Toddlers & Infants"|https://m.media-amazon.com/images/I/51MGRJK8UIL._AC_UL320_.jpg|3.5|6
TEC TAVAKKAL Baby Cell Phone Toy with Music Sensory Learning Toys with 12 Functions with Light Music Toys for 1 Year Old Girl/Boys Teething Toys for Babies Infants Gifts for Kids Pack Of 1 (Blue/Pink)|https://m.media-amazon.com/images/I/41+bT35QulL._AC_UL320_.jpg|4.0|32
SCOOBA Super Soft Avocado Cushion Stuffed Toy 30cm Small|https://m.media-amazon.com/images/I/41DX4usBUXL._AC_UL320_.jpg|4.2|232
"EITHEO Side Changing Octopus Mini Plush - Stuffed Animal Toy | Show Your Mood Without Saying a Word (Blue Pink)"|https://m.media-amazon.com/images/I/81rI4VbWLrL._AC_UL320_.jpg|4.3|1,030
Dragonfly Propeller Outdoor Flying Toy ( Multicolor ), Kid|https://m.media-amazon.com/images/I/51vGdG2cdwL._AC_UL320_.jpg|3.9|75
NHR Hit Me Inflated Toy for Kids Inflatable Dolphin Toy Water Filled Base BOP for Toddlers PVC Punching Bag for Kids (Multi)|https://m.media-amazon.com/images/I/618h-ILJnnS._AC_UL320_.jpg|3.5|1,771
Amazon Brand - Jam & Honey Teddy Bear, Cute, Plush/Soft Toy for Boys, Girls and Kids, Super-Soft, Safe, Great Birthday Gift (Multicoloured, 28 cm)|https://m.media-amazon.com/images/I/61eSyhivqBL._AC_UL320_.jpg|4.3|3,408
VGRASSP 120 PCS Super Domino Blocks, 12 Colors Bulk Wooden Dominoes - Building Block Tile Game Racing Educational Toy for Kids Birthday Party Favor|https://m.media-amazon.com/images/I/61dvTsLeubL._AC_UL320_.jpg|4.0|1,161
SUPER TOY 112 Talking Baby Flash Cards Educational Toys for 2 3 4 Years Old, Learning Resource Electronic Interactive Toys for 2-4 Year Old Boys Girls Toddlers Kids Birthday Gifts Ages 2 3 4 5|https://m.media-amazon.com/images/I/71F067OVnpL._AC_UL320_.jpg|4.0|894
Storescent Reversible Carrot Strawberry Bunny Plush Toy - Cute & Versatile Stuffed Animal with Zipper - Soft Rabbit Toy, Pillow & Decorative Gift for Kids and Adults 30CM|https://m.media-amazon.com/images/I/41JUqPc8EuL._AC_UL320_.jpg|4.1|1,215
"Wembley Suction Spinner Toy for Baby Bath Toys for Kids | Fidget Spinner Spinning Sensory Toddler Water Toy Sticks to Car Window Table High Chair Flight Travel Toy| Birthday Return Gift for Kids 3 Pcs"|https://m.media-amazon.com/images/I/61CyXjme3aL._AC_UL320_.jpg|4.0|670
UCRAVO Flying Butterfly Toy Set, Wind Up Butterfly Toy Elastic Band Powered Butterfly Bright Colours Magic Butterfly Card Wind Up Butterfly Toy for Big Surprise Birthday Wedding (Pack of 5)|https://m.media-amazon.com/images/I/71PrOw79GRL._AC_UL320_.jpg|2.7|373
Amazon Brand - Jam & Honey Duck, Plush/Soft Toy for Boys, Girls and Kids, Super-Soft, Safe, Great Birthday Gift (Yellow, 18 cm)|https://m.media-amazon.com/images/I/612EHsD0YaL._AC_UL320_.jpg|4.3|3,408
SUPER TOY Battery Operated Aeroplane Toy for Kids with Light and Sound - Assorted|https://m.media-amazon.com/images/I/615SgNTD0PL._AC_UL320_.jpg|3.5|2,156
SUPER TOY Kids Bow & Arrow Toy Archery Set with Target Board for Boys - 6 Teer Dhanush Kaman for 4 5 6 + Years Old|https://m.media-amazon.com/images/I/6198hK70zcL._AC_UL320_.jpg|4.0|92
Babique Cow Tremp Plush Soft Toy Cute Kids Animal Home Decor Boys/Girls (Pack of 1)(30 cm)|https://m.media-amazon.com/images/I/41T2TCglnzL._AC_UL320_.jpg|4.5|230
Toyshine Kids Wooden Angle Geometric Blocks Stacker Shape Sorter Column Puzzle Stacking Set - B (26 Pieces)|https://m.media-amazon.com/images/I/61yE2UtP6JL._AC_UL320_.jpg|4.5|6,493
GRAPHENE® Monster Truck Toys for Kids Friction Powered Monster Truck Car Toy for Baby Push & Go Toys 4wd Monster Truck for Boys & Girls Multi Color (Pack of 1)|https://m.media-amazon.com/images/I/71jHAR-4PdL._AC_UL320_.jpg|3.8|338
Cable World Balloon Launcher for Kids, Power Balloon Car Toy for Kids, Manual Balloon Pump Cars Toys for Boys Girls (Multi Color) set of 20 material Plastic;Acrylonitrile Butadiene Styrene|https://m.media-amazon.com/images/I/51uYg2C6ZTL._AC_UL320_.jpg|4.1|391
"Toyzone Play Set for Girls| Girls Toy|Barbie Doll House|Role Play Set| Doll House with Furniture| Doll House Play Set for Kids (Nora Mini Doll House Single Pcs.)"|https://m.media-amazon.com/images/I/31PAYXc7UgL._AC_UL320_.jpg|2.5|5
Wembley Magnetic Sticks Building Blocks for Kids Toys for Girls Magnetic Toys for Boys Age 3+ Years 4 5 6 7 8 10 12 14 Old - STEM Learning Creative Brain Development Toys with Magnet Balls - 32 Pcs|https://m.media-amazon.com/images/I/71TO3iHG8ML._AC_UL320_.jpg|3.9|264
PLUSPOINT Magic Quick Dry Water Book Reusable Colouring Water Doodle Book self-Drying with Water Pen for Kids Drawing Practice Book for Toddlers, Return Gifts, Birthday Party (for Girls 2 Books)|https://m.media-amazon.com/images/I/71CbcoJzhxL._AC_UL320_.jpg|3.9|64
Baffling Bowl - Hilarious 600 Cards Guessing Game for Kids, Teens & Adults, Fun, Bonding for Friends & Family, Challenges for Game Nights, Parties, Gifts for Ages 10, 11, 12, 13 and Up, Players 4+|https://m.media-amazon.com/images/I/81ilvyT-uZL._AC_UL320_.jpg|4.3|62
"ButterflyEdufields 30in1 stem Projects for Kids Ages 8-12 | Electricity & Magnetism Science Project Kit for Boys & Girls Aged 8-10-12-14 | Electric Circuits, Birthday Gift | Educational Learning Kits"|https://m.media-amazon.com/images/I/81IQ6OtiyoL._AC_UL320_.jpg|4.1|1,530
VikriDA Outdoor Toys for Toddlers 1-3,Sprinkler for Kids, Backyard Water Rocket Toys for Kids Ages 4-8, Summer Splashing Gift for 3 4 5 6 7 8 Year Old Boys Girls|https://m.media-amazon.com/images/I/61E86dJJp+L._AC_UL320_.jpg|5.0|1
Skillmatics Magical Scratch Art Book for Kids - Dinosaurs, Craft Kits & Supplies, DIY Activity & Stickers, Gifts for Toddlers, Girls & Boys Ages 3, 4, 5, 6, 7, 8, Travel Toys|https://m.media-amazon.com/images/I/81zlQP0TbSL._AC_UL320_.jpg|4.1|100
Pepplay Reusable 2 Coloring Placemats Sheet with 6 Erasable Marker Pens, Non-Toxic, Magical Unicorn Doodle Creative Activity, Gifts for Girls & Boys Ages 3, 4, 5, 6, 7, 8, 9, Travel Toys|https://m.media-amazon.com/images/I/71AYlALUJQL._AC_UL320_.jpg|5.0|6
Hasbro Gaming The Classic Game of Connect 4, Get 4 in A Row Strategy Game for 2 Players, Games & Puzzles, Toys for Kids, Boys and Girls Ages 6 & Up|https://m.media-amazon.com/images/I/71UU2ZQh48L._AC_UL320_.jpg|4.3|8,465
Niku 8 Hole Electric Gatling Bubble Gun for Kids with Soap Solution Indoor and Outdoor Toys for Toddlers Bubble Maker Gun Machine for Girls, Boys and for Parties (Multicolor, 3+ Year)|https://m.media-amazon.com/images/I/61FzSbnS4hL._AC_UL320_.jpg|2.9|140
"Storio Toy Plushie Soft Toys for Kids | Plush Soft Toys for Baby Boys and Girls Kids - Avacado Soft Toy | Best Valentine Gift"|https://m.media-amazon.com/images/I/51kNZcSgN+L._AC_UL320_.jpg|4.2|1,578
"Webby Intelligent Talking Cat | Electronic Pet Talking Tom Toy Cat | Voice Recording Speaking Toys for Kids (Non Rechargeable)"|https://m.media-amazon.com/images/I/513tmoR0kML._AC_UL320_.jpg|3.6|379
Amitasha Pull Along Wooden Carts Musical Drum Car Toy for Kids Toddlers Walk Along Toys for Children|https://m.media-amazon.com/images/I/612ZydzN53L._AC_UL320_.jpg|4.0|1
Toyshine 2 in 1 Baby Piano Xylophone Toy for Toddlers 1-3 Years Old, 8 Multicolored Key Keyboard Xylophone Piano, Preschool Educational Musical Learning Instruments Toy for Baby Kids Girls Boys|https://m.media-amazon.com/images/I/71za-XAjEqL._AC_UL320_.jpg|4.3|2,475
VGRASSP Bot Robot Pioneer Colorful Lights and Music All Direction Movement Dancing Robot Toys for Boys and Girls (Color as per Stock Availability)|https://m.media-amazon.com/images/I/71iFx7e7veL._AC_UL320_.jpg|3.8|147
Centy Toys Plastic Pull Back Bus, 1 Pull Back Bus, Assorted Colour, 36 Months|https://m.media-amazon.com/images/I/51NadwWA-SL._AC_UL320_.jpg|3.8|1,585
Khasala Brothers® Monkey Funny Musical Voice Controlled Monkey Toy Music Animal Toys, Monkey Touch Control Musical Light and Sound Effects Toy for Kids|https://m.media-amazon.com/images/I/71EzVlUqM6L._AC_UL320_.jpg|4.3|99
vGRASSP 2 in 1 Xylophone and Piano Toy with Colorful Keys for Toddlers and Kids (Blue)|https://m.media-amazon.com/images/I/61hk-Bz0o-L._AC_UL320_.jpg|4.3|132
SUPER TOY 3 Pc Swimming Bathtub Toys Windup Animal Toy Floating Bath Tub Toys for Toddlers / Babies (Assorted)|https://m.media-amazon.com/images/I/51igXQqZylL._AC_UL320_.jpg|4.2|25
Wembley Swimming Turtle Bath Toys for Toddlers Kids Cute Floating Wind Up Water Toys for Babies 1 2 3 4 5 Years Boy Girl New Born Baby Bathtub Pool Toys Gift for Baby, Pack - 2|https://m.media-amazon.com/images/I/61SEB5yTqlL._AC_UL320_.jpg|4.2|63
Smartivity Hydraulic Crane, STEM DIY Fun Toy, Educational & Construction Based Activity Game Kit for Kids 6 to 14, Best Birthday Gift for Boys & Girls 6-8-10-12-14 Years Old, Made in India|https://m.media-amazon.com/images/I/71Jea8jPdkL._AC_UL320_.jpg|4.3|2,118
"ADA Handicraft Wooden Digits 0 to 9 Number Train | Digits Number 0 to 9 Wooden Toy Train for Early Educational Kids (Multicolor)"|https://m.media-amazon.com/images/I/61uxp08-6PL._AC_UL320_.jpg|3.8|25
Centy Toys Plastic Mother Dairy Pull Back Tanker (Assorted Color), Multi Color, Toddler|https://m.media-amazon.com/images/I/51VedPmvbXL._AC_UL320_.jpg|4.2|466
Amazon Brand - Jam & Honey Glittery Eyes Cat, Plush/Soft/Cute Toy for Boys, Girls and Kids, Great Birthday Gift (17 cm)|https://m.media-amazon.com/images/I/61vKImW3SzL._AC_UL320_.jpg|4.4|1,721
"Imagimake Mapology Birds Around The World | Make 13 Miniature Models| 3D Puzzle for Kids | Birthday Gift for Girls & Boys | Educational Toys for 5,6,7,8,9 Years"|https://m.media-amazon.com/images/I/81z+7mHLnaL._AC_UL320_.jpg|4.3|1,209
Smartivity DIY Mini Football, Soccer Table STEM Educational Fun Toys for Age 8 to 14, Best Birthday Gift Toy for Boys & Girls 8-10-12-14 Years Old, Science Toy Kit, Made in India|https://m.media-amazon.com/images/I/819V8JcjgkL._AC_UL320_.jpg|3.8|393
Blix Robotix - Juniors, STEM toy, Educational DIY Building Set, Construction Toys, Story Based Puzzles, for 5+ Years Boys and Girls|https://m.media-amazon.com/images/I/61lJjpi4zmL._AC_UL320_.jpg|5.0|3
Skillmatics Unicorn & Princesses Art Kit - Write & Create Storybooks, Creative Activity, DIY Kit, 150+ Stickers, Gifts for Kids Ages 5, 6, 7, 8, 9, 10|https://m.media-amazon.com/images/I/81SPy05b3kL._AC_UL320_.jpg|4.7|63
Webby Plush Husky Dog Stuffed Animal Puppy Soft Toy, Adorable Gifts for Kids and Adult, Glitter Eyes Soft Toy, 35CM (Grey)|https://m.media-amazon.com/images/I/71A-WPv5q-L._AC_UL320_.jpg|4.5|517
Galaxy Hi-Tech® Deformation Combat Electronic Robot Car Tank Deformation Robot Toy with Light, Music and Bump Function Tank Robot Toys for Boys/Toddler/Kids|https://m.media-amazon.com/images/I/61q8uJe2M3L._AC_UL320_.jpg|4.1|2,263
"Mirana C-Type USB Rechargeable LED Hover Football | Air Football Mothership | Soccer Ball Best Gift for Boys Girls and Kids Ball (Moonshine Silver)"|https://m.media-amazon.com/images/I/81cFG-8zFPL._AC_UL320_.jpg|4.0|165
"Binca I Went for a Picnic - A Memory Card Game for Kids Ages 6 and Up | Fun Memory and Concentration Building Game | Great Gift to Build Cognitive Skills for Ages 3,4,5,6 (3-8 Players)"|https://m.media-amazon.com/images/I/71TSMp2v+vL._AC_UL320_.jpg|4.9|13
"THE TRUST BOX Magnetic Arithmetic Learning Toy, Colorful Educational Magnetic Building Blocks for Kids, Intelligence Brain Developing Toy | 2 Sets -12 Pieces."|https://m.media-amazon.com/images/I/41xACg4SaTL._AC_UL320_.jpg|3.9|250
"FIRSTCRY INTELLISKILLS Premium 208 Pieces Magnetic Spell & Learn For Kids|144 Alphabet Magnets, 64 Picture Magnets, 1 Magnetic Board & Spelling Guide|Learning & Educational Toy|Multicolor|4+ Years"|https://m.media-amazon.com/images/I/71pSTBwe-iL._AC_UL320_.jpg|4.1|17
